가	ガ
각	ガク
갂	ガク
갃	ガク
간	ガン
갅	ガン
갆	ガン
갇	ガッ
갈	ガル
갉	ガク
갊	ガム
갋	ガル
갌	ガル
갍	ガル
갎	ガプ
갏	ガル
감	ガム
갑	ガプ
값	ガプ
갓	ガッ
갔	ガッ
강	ガン
갖	ガッ
갗	ガッ
갘	ガク
같	ガッ
갚	ガプ
갛	ガッ
개	ゲ
객	ゲク
갞	ゲク
갟	ゲク
갠	ゲン
갡	ゲン
갢	ゲン
갣	ゲッ
갤	ゲル
갥	ゲク
갦	ゲム
갧	ゲル
갨	ゲル
갩	ゲル
갪	ゲプ
갫	ゲル
갬	ゲム
갭	ゲプ
갮	ゲプ
갯	ゲッ
갰	ゲッ
갱	ゲン
갲	ゲッ
갳	ゲッ
갴	ゲク
갵	ゲッ
갶	ゲプ
갷	ゲッ
갸	ギャ
갹	ギャク
갺	ギャク
갻	ギャク
갼	ギャン
갽	ギャン
갾	ギャン
갿	ギャッ
걀	ギャル
걁	ギャク
걂	ギャム
걃	ギャル
걄	ギャル
걅	ギャル
걆	ギャプ
걇	ギャル
걈	ギャム
걉	ギャプ
걊	ギャプ
걋	ギャッ
걌	ギャッ
걍	ギャン
걎	ギャッ
걏	ギャッ
걐	ギャク
걑	ギャッ
걒	ギャプ
걓	ギャッ
걔	ギェ
걕	ギェク
걖	ギェク
걗	ギェク
걘	ギェン
걙	ギェン
걚	ギェン
걛	ギェッ
걜	ギェル
걝	ギェク
걞	ギェム
걟	ギェル
걠	ギェル
걡	ギェル
걢	ギェプ
걣	ギェル
걤	ギェム
걥	ギェプ
걦	ギェプ
걧	ギェッ
걨	ギェッ
걩	ギェン
걪	ギェッ
걫	ギェッ
걬	ギェク
걭	ギェッ
걮	ギェプ
걯	ギェッ
거	ゴ
걱	ゴク
걲	ゴク
걳	ゴク
건	ゴン
걵	ゴン
걶	ゴン
걷	ゴッ
걸	ゴル
걹	ゴク
걺	ゴム
걻	ゴル
걼	ゴル
걽	ゴル
걾	ゴプ
걿	ゴル
검	ゴム
겁	ゴプ
겂	ゴプ
것	ゴッ
겄	ゴッ
겅	ゴン
겆	ゴッ
겇	ゴッ
겈	ゴク
겉	ゴッ
겊	ゴプ
겋	ゴッ
게	ゲ
겍	ゲク
겎	ゲク
겏	ゲク
겐	ゲン
겑	ゲン
겒	ゲン
겓	ゲッ
겔	ゲル
겕	ゲク
겖	ゲム
겗	ゲル
겘	ゲル
겙	ゲル
겚	ゲプ
겛	ゲル
겜	ゲム
겝	ゲプ
겞	ゲプ
겟	ゲッ
겠	ゲッ
겡	ゲン
겢	ゲッ
겣	ゲッ
겤	ゲク
겥	ゲッ
겦	ゲプ
겧	ゲッ
겨	ギョ
격	ギョク
겪	ギョク
겫	ギョク
견	ギョン
겭	ギョン
겮	ギョン
겯	ギョッ
결	ギョル
겱	ギョク
겲	ギョム
겳	ギョル
겴	ギョル
겵	ギョル
겶	ギョプ
겷	ギョル
겸	ギョム
겹	ギョプ
겺	ギョプ
겻	ギョッ
겼	ギョッ
경	ギョン
겾	ギョッ
겿	ギョッ
곀	ギョク
곁	ギョッ
곂	ギョプ
곃	ギョッ
계	ギェ
곅	ギェク
곆	ギェク
곇	ギェク
곈	ギェン
곉	ギェン
곊	ギェン
곋	ギェッ
곌	ギェル
곍	ギェク
곎	ギェム
곏	ギェル
곐	ギェル
곑	ギェル
곒	ギェプ
곓	ギェル
곔	ギェム
곕	ギェプ
곖	ギェプ
곗	ギェッ
곘	ギェッ
곙	ギェン
곚	ギェッ
곛	ギェッ
곜	ギェク
곝	ギェッ
곞	ギェプ
곟	ギェッ
고	ゴ
곡	ゴク
곢	ゴク
곣	ゴク
곤	ゴン
곥	ゴン
곦	ゴン
곧	ゴッ
골	ゴル
곩	ゴク
곪	ゴム
곫	ゴル
곬	ゴル
곭	ゴル
곮	ゴプ
곯	ゴル
곰	ゴム
곱	ゴプ
곲	ゴプ
곳	ゴッ
곴	ゴッ
공	ゴン
곶	ゴッ
곷	ゴッ
곸	ゴク
곹	ゴッ
곺	ゴプ
곻	ゴッ
과	グァ
곽	グァク
곾	グァク
곿	グァク
관	グァン
괁	グァン
괂	グァン
괃	グァッ
괄	グァル
괅	グァク
괆	グァム
괇	グァル
괈	グァル
괉	グァル
괊	グァプ
괋	グァル
괌	グァム
괍	グァプ
괎	グァプ
괏	グァッ
괐	グァッ
광	グァン
괒	グァッ
괓	グァッ
괔	グァク
괕	グァッ
괖	グァプ
괗	グァッ
괘	グェ
괙	グェク
괚	グェク
괛	グェク
괜	グェン
괝	グェン
괞	グェン
괟	グェッ
괠	グェル
괡	グェク
괢	グェム
괣	グェル
괤	グェル
괥	グェル
괦	グェプ
괧	グェル
괨	グェム
괩	グェプ
괪	グェプ
괫	グェッ
괬	グェッ
괭	グェン
괮	グェッ
괯	グェッ
괰	グェク
괱	グェッ
괲	グェプ
괳	グェッ
괴	グェ
괵	グェク
괶	グェク
괷	グェク
괸	グェン
괹	グェン
괺	グェン
괻	グェッ
괼	グェル
괽	グェク
괾	グェム
괿	グェル
굀	グェル
굁	グェル
굂	グェプ
굃	グェル
굄	グェム
굅	グェプ
굆	グェプ
굇	グェッ
굈	グェッ
굉	グェン
굊	グェッ
굋	グェッ
굌	グェク
굍	グェッ
굎	グェプ
굏	グェッ
교	ギョ
굑	ギョク
굒	ギョク
굓	ギョク
굔	ギョン
굕	ギョン
굖	ギョン
굗	ギョッ
굘	ギョル
굙	ギョク
굚	ギョム
굛	ギョル
굜	ギョル
굝	ギョル
굞	ギョプ
굟	ギョル
굠	ギョム
굡	ギョプ
굢	ギョプ
굣	ギョッ
굤	ギョッ
굥	ギョン
굦	ギョッ
굧	ギョッ
굨	ギョク
굩	ギョッ
굪	ギョプ
굫	ギョッ
구	グ
국	グク
굮	グク
굯	グク
군	グン
굱	グン
굲	グン
굳	グッ
굴	グル
굵	グク
굶	グム
굷	グル
굸	グル
굹	グル
굺	グプ
굻	グル
굼	グム
굽	グプ
굾	グプ
굿	グッ
궀	グッ
궁	グン
궂	グッ
궃	グッ
궄	グク
궅	グッ
궆	グプ
궇	グッ
궈	グォ
궉	グォク
궊	グォク
궋	グォク
권	グォン
궍	グォン
궎	グォン
궏	グォッ
궐	グォル
궑	グォク
궒	グォム
궓	グォル
궔	グォル
궕	グォル
궖	グォプ
궗	グォル
궘	グォム
궙	グォプ
궚	グォプ
궛	グォッ
궜	グォッ
궝	グォン
궞	グォッ
궟	グォッ
궠	グォク
궡	グォッ
궢	グォプ
궣	グォッ
궤	グェ
궥	グェク
궦	グェク
궧	グェク
궨	グェン
궩	グェン
궪	グェン
궫	グェッ
궬	グェル
궭	グェク
궮	グェム
궯	グェル
궰	グェル
궱	グェル
궲	グェプ
궳	グェル
궴	グェム
궵	グェプ
궶	グェプ
궷	グェッ
궸	グェッ
궹	グェン
궺	グェッ
궻	グェッ
궼	グェク
궽	グェッ
궾	グェプ
궿	グェッ
귀	グィ
귁	グィク
귂	グィク
귃	グィク
귄	グィン
귅	グィン
귆	グィン
귇	グィッ
귈	グィル
귉	グィク
귊	グィム
귋	グィル
귌	グィル
귍	グィル
귎	グィプ
귏	グィル
귐	グィム
귑	グィプ
귒	グィプ
귓	グィッ
귔	グィッ
귕	グィン
귖	グィッ
귗	グィッ
귘	グィク
귙	グィッ
귚	グィプ
귛	グィッ
규	ギュ
귝	ギュク
귞	ギュク
귟	ギュク
균	ギュン
귡	ギュン
귢	ギュン
귣	ギュッ
귤	ギュル
귥	ギュク
귦	ギュム
귧	ギュル
귨	ギュル
귩	ギュル
귪	ギュプ
귫	ギュル
귬	ギュム
귭	ギュプ
귮	ギュプ
귯	ギュッ
귰	ギュッ
귱	ギュン
귲	ギュッ
귳	ギュッ
귴	ギュク
귵	ギュッ
귶	ギュプ
귷	ギュッ
그	グ
극	グク
귺	グク
귻	グク
근	グン
귽	グン
귾	グン
귿	グッ
글	グル
긁	グク
긂	グム
긃	グル
긄	グル
긅	グル
긆	グプ
긇	グル
금	グム
급	グプ
긊	グプ
긋	グッ
긌	グッ
긍	グン
긎	グッ
긏	グッ
긐	グク
긑	グッ
긒	グプ
긓	グッ
긔	ギ
긕	ギク
긖	ギク
긗	ギク
긘	ギン
긙	ギン
긚	ギン
긛	ギッ
긜	ギル
긝	ギク
긞	ギム
긟	ギル
긠	ギル
긡	ギル
긢	ギプ
긣	ギル
긤	ギム
긥	ギプ
긦	ギプ
긧	ギッ
긨	ギッ
긩	ギン
긪	ギッ
긫	ギッ
긬	ギク
긭	ギッ
긮	ギプ
긯	ギッ
기	ギ
긱	ギク
긲	ギク
긳	ギク
긴	ギン
긵	ギン
긶	ギン
긷	ギッ
길	ギル
긹	ギク
긺	ギム
긻	ギル
긼	ギル
긽	ギル
긾	ギプ
긿	ギル
김	ギム
깁	ギプ
깂	ギプ
깃	ギッ
깄	ギッ
깅	ギン
깆	ギッ
깇	ギッ
깈	ギク
깉	ギッ
깊	ギプ
깋	ギッ
까	カ
깍	カク
깎	カク
깏	カク
깐	カン
깑	カン
깒	カン
깓	カッ
깔	カル
깕	カク
깖	カム
깗	カル
깘	カル
깙	カル
깚	カプ
깛	カル
깜	カム
깝	カプ
깞	カプ
깟	カッ
깠	カッ
깡	カン
깢	カッ
깣	カッ
깤	カク
깥	カッ
깦	カプ
깧	カッ
깨	ケ
깩	ケク
깪	ケク
깫	ケク
깬	ケン
깭	ケン
깮	ケン
깯	ケッ
깰	ケル
깱	ケク
깲	ケム
깳	ケル
깴	ケル
깵	ケル
깶	ケプ
깷	ケル
깸	ケム
깹	ケプ
깺	ケプ
깻	ケッ
깼	ケッ
깽	ケン
깾	ケッ
깿	ケッ
꺀	ケク
꺁	ケッ
꺂	ケプ
꺃	ケッ
꺄	キャ
꺅	キャク
꺆	キャク
꺇	キャク
꺈	キャン
꺉	キャン
꺊	キャン
꺋	キャッ
꺌	キャル
꺍	キャク
꺎	キャム
꺏	キャル
꺐	キャル
꺑	キャル
꺒	キャプ
꺓	キャル
꺔	キャム
꺕	キャプ
꺖	キャプ
꺗	キャッ
꺘	キャッ
꺙	キャン
꺚	キャッ
꺛	キャッ
꺜	キャク
꺝	キャッ
꺞	キャプ
꺟	キャッ
꺠	キェ
꺡	キェク
꺢	キェク
꺣	キェク
꺤	キェン
꺥	キェン
꺦	キェン
꺧	キェッ
꺨	キェル
꺩	キェク
꺪	キェム
꺫	キェル
꺬	キェル
꺭	キェル
꺮	キェプ
꺯	キェル
꺰	キェム
꺱	キェプ
꺲	キェプ
꺳	キェッ
꺴	キェッ
꺵	キェン
꺶	キェッ
꺷	キェッ
꺸	キェク
꺹	キェッ
꺺	キェプ
꺻	キェッ
꺼	コ
꺽	コク
꺾	コク
꺿	コク
껀	コン
껁	コン
껂	コン
껃	コッ
껄	コル
껅	コク
껆	コム
껇	コル
껈	コル
껉	コル
껊	コプ
껋	コル
껌	コム
껍	コプ
껎	コプ
껏	コッ
껐	コッ
껑	コン
껒	コッ
껓	コッ
껔	コク
껕	コッ
껖	コプ
껗	コッ
께	ケ
껙	ケク
껚	ケク
껛	ケク
껜	ケン
껝	ケン
껞	ケン
껟	ケッ
껠	ケル
껡	ケク
껢	ケム
껣	ケル
껤	ケル
껥	ケル
껦	ケプ
껧	ケル
껨	ケム
껩	ケプ
껪	ケプ
껫	ケッ
껬	ケッ
껭	ケン
껮	ケッ
껯	ケッ
껰	ケク
껱	ケッ
껲	ケプ
껳	ケッ
껴	キョ
껵	キョク
껶	キョク
껷	キョク
껸	キョン
껹	キョン
껺	キョン
껻	キョッ
껼	キョル
껽	キョク
껾	キョム
껿	キョル
꼀	キョル
꼁	キョル
꼂	キョプ
꼃	キョル
꼄	キョム
꼅	キョプ
꼆	キョプ
꼇	キョッ
꼈	キョッ
꼉	キョン
꼊	キョッ
꼋	キョッ
꼌	キョク
꼍	キョッ
꼎	キョプ
꼏	キョッ
꼐	キェ
꼑	キェク
꼒	キェク
꼓	キェク
꼔	キェン
꼕	キェン
꼖	キェン
꼗	キェッ
꼘	キェル
꼙	キェク
꼚	キェム
꼛	キェル
꼜	キェル
꼝	キェル
꼞	キェプ
꼟	キェル
꼠	キェム
꼡	キェプ
꼢	キェプ
꼣	キェッ
꼤	キェッ
꼥	キェン
꼦	キェッ
꼧	キェッ
꼨	キェク
꼩	キェッ
꼪	キェプ
꼫	キェッ
꼬	コ
꼭	コク
꼮	コク
꼯	コク
꼰	コン
꼱	コン
꼲	コン
꼳	コッ
꼴	コル
꼵	コク
꼶	コム
꼷	コル
꼸	コル
꼹	コル
꼺	コプ
꼻	コル
꼼	コム
꼽	コプ
꼾	コプ
꼿	コッ
꽀	コッ
꽁	コン
꽂	コッ
꽃	コッ
꽄	コク
꽅	コッ
꽆	コプ
꽇	コッ
꽈	クァ
꽉	クァク
꽊	クァク
꽋	クァク
꽌	クァン
꽍	クァン
꽎	クァン
꽏	クァッ
꽐	クァル
꽑	クァク
꽒	クァム
꽓	クァル
꽔	クァル
꽕	クァル
꽖	クァプ
꽗	クァル
꽘	クァム
꽙	クァプ
꽚	クァプ
꽛	クァッ
꽜	クァッ
꽝	クァン
꽞	クァッ
꽟	クァッ
꽠	クァク
꽡	クァッ
꽢	クァプ
꽣	クァッ
꽤	クェ
꽥	クェク
꽦	クェク
꽧	クェク
꽨	クェン
꽩	クェン
꽪	クェン
꽫	クェッ
꽬	クェル
꽭	クェク
꽮	クェム
꽯	クェル
꽰	クェル
꽱	クェル
꽲	クェプ
꽳	クェル
꽴	クェム
꽵	クェプ
꽶	クェプ
꽷	クェッ
꽸	クェッ
꽹	クェン
꽺	クェッ
꽻	クェッ
꽼	クェク
꽽	クェッ
꽾	クェプ
꽿	クェッ
꾀	クェ
꾁	クェク
꾂	クェク
꾃	クェク
꾄	クェン
꾅	クェン
꾆	クェン
꾇	クェッ
꾈	クェル
꾉	クェク
꾊	クェム
꾋	クェル
꾌	クェル
꾍	クェル
꾎	クェプ
꾏	クェル
꾐	クェム
꾑	クェプ
꾒	クェプ
꾓	クェッ
꾔	クェッ
꾕	クェン
꾖	クェッ
꾗	クェッ
꾘	クェク
꾙	クェッ
꾚	クェプ
꾛	クェッ
꾜	キョ
꾝	キョク
꾞	キョク
꾟	キョク
꾠	キョン
꾡	キョン
꾢	キョン
꾣	キョッ
꾤	キョル
꾥	キョク
꾦	キョム
꾧	キョル
꾨	キョル
꾩	キョル
꾪	キョプ
꾫	キョル
꾬	キョム
꾭	キョプ
꾮	キョプ
꾯	キョッ
꾰	キョッ
꾱	キョン
꾲	キョッ
꾳	キョッ
꾴	キョク
꾵	キョッ
꾶	キョプ
꾷	キョッ
꾸	ク
꾹	クク
꾺	クク
꾻	クク
꾼	クン
꾽	クン
꾾	クン
꾿	クッ
꿀	クル
꿁	クク
꿂	クム
꿃	クル
꿄	クル
꿅	クル
꿆	クプ
꿇	クル
꿈	クム
꿉	クプ
꿊	クプ
꿋	クッ
꿌	クッ
꿍	クン
꿎	クッ
꿏	クッ
꿐	クク
꿑	クッ
꿒	クプ
꿓	クッ
꿔	クォ
꿕	クォク
꿖	クォク
꿗	クォク
꿘	クォン
꿙	クォン
꿚	クォン
꿛	クォッ
꿜	クォル
꿝	クォク
꿞	クォム
꿟	クォル
꿠	クォル
꿡	クォル
꿢	クォプ
꿣	クォル
꿤	クォム
꿥	クォプ
꿦	クォプ
꿧	クォッ
꿨	クォッ
꿩	クォン
꿪	クォッ
꿫	クォッ
꿬	クォク
꿭	クォッ
꿮	クォプ
꿯	クォッ
꿰	クェ
꿱	クェク
꿲	クェク
꿳	クェク
꿴	クェン
꿵	クェン
꿶	クェン
꿷	クェッ
꿸	クェル
꿹	クェク
꿺	クェム
꿻	クェル
꿼	クェル
꿽	クェル
꿾	クェプ
꿿	クェル
뀀	クェム
뀁	クェプ
뀂	クェプ
뀃	クェッ
뀄	クェッ
뀅	クェン
뀆	クェッ
뀇	クェッ
뀈	クェク
뀉	クェッ
뀊	クェプ
뀋	クェッ
뀌	クィ
뀍	クィク
뀎	クィク
뀏	クィク
뀐	クィン
뀑	クィン
뀒	クィン
뀓	クィッ
뀔	クィル
뀕	クィク
뀖	クィム
뀗	クィル
뀘	クィル
뀙	クィル
뀚	クィプ
뀛	クィル
뀜	クィム
뀝	クィプ
뀞	クィプ
뀟	クィッ
뀠	クィッ
뀡	クィン
뀢	クィッ
뀣	クィッ
뀤	クィク
뀥	クィッ
뀦	クィプ
뀧	クィッ
뀨	キュ
뀩	キュク
뀪	キュク
뀫	キュク
뀬	キュン
뀭	キュン
뀮	キュン
뀯	キュッ
뀰	キュル
뀱	キュク
뀲	キュム
뀳	キュル
뀴	キュル
뀵	キュル
뀶	キュプ
뀷	キュル
뀸	キュム
뀹	キュプ
뀺	キュプ
뀻	キュッ
뀼	キュッ
뀽	キュン
뀾	キュッ
뀿	キュッ
끀	キュク
끁	キュッ
끂	キュプ
끃	キュッ
끄	ク
끅	クク
끆	クク
끇	クク
끈	クン
끉	クン
끊	クン
끋	クッ
끌	クル
끍	クク
끎	クム
끏	クル
끐	クル
끑	クル
끒	クプ
끓	クル
끔	クム
끕	クプ
끖	クプ
끗	クッ
끘	クッ
끙	クン
끚	クッ
끛	クッ
끜	クク
끝	クッ
끞	クプ
끟	クッ
끠	キ
끡	キク
끢	キク
끣	キク
끤	キン
끥	キン
끦	キン
끧	キッ
끨	キル
끩	キク
끪	キム
끫	キル
끬	キル
끭	キル
끮	キプ
끯	キル
끰	キム
끱	キプ
끲	キプ
끳	キッ
끴	キッ
끵	キン
끶	キッ
끷	キッ
끸	キク
끹	キッ
끺	キプ
끻	キッ
끼	キ
끽	キク
끾	キク
끿	キク
낀	キン
낁	キン
낂	キン
낃	キッ
낄	キル
낅	キク
낆	キム
낇	キル
낈	キル
낉	キル
낊	キプ
낋	キル
낌	キム
낍	キプ
낎	キプ
낏	キッ
낐	キッ
낑	キン
낒	キッ
낓	キッ
낔	キク
낕	キッ
낖	キプ
낗	キッ
나	ナ
낙	ナク
낚	ナク
낛	ナク
난	ナン
낝	ナン
낞	ナン
낟	ナッ
날	ナル
낡	ナク
낢	ナム
낣	ナル
낤	ナル
낥	ナル
낦	ナプ
낧	ナル
남	ナム
납	ナプ
낪	ナプ
낫	ナッ
났	ナッ
낭	ナン
낮	ナッ
낯	ナッ
낰	ナク
낱	ナッ
낲	ナプ
낳	ナッ
내	ネ
낵	ネク
낶	ネク
낷	ネク
낸	ネン
낹	ネン
낺	ネン
낻	ネッ
낼	ネル
낽	ネク
낾	ネム
낿	ネル
냀	ネル
냁	ネル
냂	ネプ
냃	ネル
냄	ネム
냅	ネプ
냆	ネプ
냇	ネッ
냈	ネッ
냉	ネン
냊	ネッ
냋	ネッ
냌	ネク
냍	ネッ
냎	ネプ
냏	ネッ
냐	ニャ
냑	ニャク
냒	ニャク
냓	ニャク
냔	ニャン
냕	ニャン
냖	ニャン
냗	ニャッ
냘	ニャル
냙	ニャク
냚	ニャム
냛	ニャル
냜	ニャル
냝	ニャル
냞	ニャプ
냟	ニャル
냠	ニャム
냡	ニャプ
냢	ニャプ
냣	ニャッ
냤	ニャッ
냥	ニャン
냦	ニャッ
냧	ニャッ
냨	ニャク
냩	ニャッ
냪	ニャプ
냫	ニャッ
냬	ニェ
냭	ニェク
냮	ニェク
냯	ニェク
냰	ニェン
냱	ニェン
냲	ニェン
냳	ニェッ
냴	ニェル
냵	ニェク
냶	ニェム
냷	ニェル
냸	ニェル
냹	ニェル
냺	ニェプ
냻	ニェル
냼	ニェム
냽	ニェプ
냾	ニェプ
냿	ニェッ
넀	ニェッ
넁	ニェン
넂	ニェッ
넃	ニェッ
넄	ニェク
넅	ニェッ
넆	ニェプ
넇	ニェッ
너	ノ
넉	ノク
넊	ノク
넋	ノク
넌	ノン
넍	ノン
넎	ノン
넏	ノッ
널	ノル
넑	ノク
넒	ノム
넓	ノル
넔	ノル
넕	ノル
넖	ノプ
넗	ノル
넘	ノム
넙	ノプ
넚	ノプ
넛	ノッ
넜	ノッ
넝	ノン
넞	ノッ
넟	ノッ
넠	ノク
넡	ノッ
넢	ノプ
넣	ノッ
네	ネ
넥	ネク
넦	ネク
넧	ネク
넨	ネン
넩	ネン
넪	ネン
넫	ネッ
넬	ネル
넭	ネク
넮	ネム
넯	ネル
넰	ネル
넱	ネル
넲	ネプ
넳	ネル
넴	ネム
넵	ネプ
넶	ネプ
넷	ネッ
넸	ネッ
넹	ネン
넺	ネッ
넻	ネッ
넼	ネク
넽	ネッ
넾	ネプ
넿	ネッ
녀	ニョ
녁	ニョク
녂	ニョク
녃	ニョク
년	ニョン
녅	ニョン
녆	ニョン
녇	ニョッ
녈	ニョル
녉	ニョク
녊	ニョム
녋	ニョル
녌	ニョル
녍	ニョル
녎	ニョプ
녏	ニョル
념	ニョム
녑	ニョプ
녒	ニョプ
녓	ニョッ
녔	ニョッ
녕	ニョン
녖	ニョッ
녗	ニョッ
녘	ニョク
녙	ニョッ
녚	ニョプ
녛	ニョッ
녜	ニェ
녝	ニェク
녞	ニェク
녟	ニェク
녠	ニェン
녡	ニェン
녢	ニェン
녣	ニェッ
녤	ニェル
녥	ニェク
녦	ニェム
녧	ニェル
녨	ニェル
녩	ニェル
녪	ニェプ
녫	ニェル
녬	ニェム
녭	ニェプ
녮	ニェプ
녯	ニェッ
녰	ニェッ
녱	ニェン
녲	ニェッ
녳	ニェッ
녴	ニェク
녵	ニェッ
녶	ニェプ
녷	ニェッ
노	ノ
녹	ノク
녺	ノク
녻	ノク
논	ノン
녽	ノン
녾	ノン
녿	ノッ
놀	ノル
놁	ノク
놂	ノム
놃	ノル
놄	ノル
놅	ノル
놆	ノプ
놇	ノル
놈	ノム
놉	ノプ
놊	ノプ
놋	ノッ
놌	ノッ
농	ノン
놎	ノッ
놏	ノッ
놐	ノク
놑	ノッ
높	ノプ
놓	ノッ
놔	ヌァ
놕	ヌァク
놖	ヌァク
놗	ヌァク
놘	ヌァン
놙	ヌァン
놚	ヌァン
놛	ヌァッ
놜	ヌァル
놝	ヌァク
놞	ヌァム
놟	ヌァル
놠	ヌァル
놡	ヌァル
놢	ヌァプ
놣	ヌァル
놤	ヌァム
놥	ヌァプ
놦	ヌァプ
놧	ヌァッ
놨	ヌァッ
놩	ヌァン
놪	ヌァッ
놫	ヌァッ
놬	ヌァク
놭	ヌァッ
놮	ヌァプ
놯	ヌァッ
놰	ヌェ
놱	ヌェク
놲	ヌェク
놳	ヌェク
놴	ヌェン
놵	ヌェン
놶	ヌェン
놷	ヌェッ
놸	ヌェル
놹	ヌェク
놺	ヌェム
놻	ヌェル
놼	ヌェル
놽	ヌェル
놾	ヌェプ
놿	ヌェル
뇀	ヌェム
뇁	ヌェプ
뇂	ヌェプ
뇃	ヌェッ
뇄	ヌェッ
뇅	ヌェン
뇆	ヌェッ
뇇	ヌェッ
뇈	ヌェク
뇉	ヌェッ
뇊	ヌェプ
뇋	ヌェッ
뇌	ヌェ
뇍	ヌェク
뇎	ヌェク
뇏	ヌェク
뇐	ヌェン
뇑	ヌェン
뇒	ヌェン
뇓	ヌェッ
뇔	ヌェル
뇕	ヌェク
뇖	ヌェム
뇗	ヌェル
뇘	ヌェル
뇙	ヌェル
뇚	ヌェプ
뇛	ヌェル
뇜	ヌェム
뇝	ヌェプ
뇞	ヌェプ
뇟	ヌェッ
뇠	ヌェッ
뇡	ヌェン
뇢	ヌェッ
뇣	ヌェッ
뇤	ヌェク
뇥	ヌェッ
뇦	ヌェプ
뇧	ヌェッ
뇨	ニョ
뇩	ニョク
뇪	ニョク
뇫	ニョク
뇬	ニョン
뇭	ニョン
뇮	ニョン
뇯	ニョッ
뇰	ニョル
뇱	ニョク
뇲	ニョム
뇳	ニョル
뇴	ニョル
뇵	ニョル
뇶	ニョプ
뇷	ニョル
뇸	ニョム
뇹	ニョプ
뇺	ニョプ
뇻	ニョッ
뇼	ニョッ
뇽	ニョン
뇾	ニョッ
뇿	ニョッ
눀	ニョク
눁	ニョッ
눂	ニョプ
눃	ニョッ
누	ヌ
눅	ヌク
눆	ヌク
눇	ヌク
눈	ヌン
눉	ヌン
눊	ヌン
눋	ヌッ
눌	ヌル
눍	ヌク
눎	ヌム
눏	ヌル
눐	ヌル
눑	ヌル
눒	ヌプ
눓	ヌル
눔	ヌム
눕	ヌプ
눖	ヌプ
눗	ヌッ
눘	ヌッ
눙	ヌン
눚	ヌッ
눛	ヌッ
눜	ヌク
눝	ヌッ
눞	ヌプ
눟	ヌッ
눠	ヌォ
눡	ヌォク
눢	ヌォク
눣	ヌォク
눤	ヌォン
눥	ヌォン
눦	ヌォン
눧	ヌォッ
눨	ヌォル
눩	ヌォク
눪	ヌォム
눫	ヌォル
눬	ヌォル
눭	ヌォル
눮	ヌォプ
눯	ヌォル
눰	ヌォム
눱	ヌォプ
눲	ヌォプ
눳	ヌォッ
눴	ヌォッ
눵	ヌォン
눶	ヌォッ
눷	ヌォッ
눸	ヌォク
눹	ヌォッ
눺	ヌォプ
눻	ヌォッ
눼	ヌェ
눽	ヌェク
눾	ヌェク
눿	ヌェク
뉀	ヌェン
뉁	ヌェン
뉂	ヌェン
뉃	ヌェッ
뉄	ヌェル
뉅	ヌェク
뉆	ヌェム
뉇	ヌェル
뉈	ヌェル
뉉	ヌェル
뉊	ヌェプ
뉋	ヌェル
뉌	ヌェム
뉍	ヌェプ
뉎	ヌェプ
뉏	ヌェッ
뉐	ヌェッ
뉑	ヌェン
뉒	ヌェッ
뉓	ヌェッ
뉔	ヌェク
뉕	ヌェッ
뉖	ヌェプ
뉗	ヌェッ
뉘	ヌィ
뉙	ヌィク
뉚	ヌィク
뉛	ヌィク
뉜	ヌィン
뉝	ヌィン
뉞	ヌィン
뉟	ヌィッ
뉠	ヌィル
뉡	ヌィク
뉢	ヌィム
뉣	ヌィル
뉤	ヌィル
뉥	ヌィル
뉦	ヌィプ
뉧	ヌィル
뉨	ヌィム
뉩	ヌィプ
뉪	ヌィプ
뉫	ヌィッ
뉬	ヌィッ
뉭	ヌィン
뉮	ヌィッ
뉯	ヌィッ
뉰	ヌィク
뉱	ヌィッ
뉲	ヌィプ
뉳	ヌィッ
뉴	ニュ
뉵	ニュク
뉶	ニュク
뉷	ニュク
뉸	ニュン
뉹	ニュン
뉺	ニュン
뉻	ニュッ
뉼	ニュル
뉽	ニュク
뉾	ニュム
뉿	ニュル
늀	ニュル
늁	ニュル
늂	ニュプ
늃	ニュル
늄	ニュム
늅	ニュプ
늆	ニュプ
늇	ニュッ
늈	ニュッ
늉	ニュン
늊	ニュッ
늋	ニュッ
늌	ニュク
늍	ニュッ
늎	ニュプ
늏	ニュッ
느	ヌ
늑	ヌク
늒	ヌク
늓	ヌク
는	ヌン
늕	ヌン
늖	ヌン
늗	ヌッ
늘	ヌル
늙	ヌク
늚	ヌム
늛	ヌル
늜	ヌル
늝	ヌル
늞	ヌプ
늟	ヌル
늠	ヌム
늡	ヌプ
늢	ヌプ
늣	ヌッ
늤	ヌッ
능	ヌン
늦	ヌッ
늧	ヌッ
늨	ヌク
늩	ヌッ
늪	ヌプ
늫	ヌッ
늬	ニ
늭	ニク
늮	ニク
늯	ニク
늰	ニン
늱	ニン
늲	ニン
늳	ニッ
늴	ニル
늵	ニク
늶	ニム
늷	ニル
늸	ニル
늹	ニル
늺	ニプ
늻	ニル
늼	ニム
늽	ニプ
늾	ニプ
늿	ニッ
닀	ニッ
닁	ニン
닂	ニッ
닃	ニッ
닄	ニク
닅	ニッ
닆	ニプ
닇	ニッ
니	ニ
닉	ニク
닊	ニク
닋	ニク
닌	ニン
닍	ニン
닎	ニン
닏	ニッ
닐	ニル
닑	ニク
닒	ニム
닓	ニル
닔	ニル
닕	ニル
닖	ニプ
닗	ニル
님	ニム
닙	ニプ
닚	ニプ
닛	ニッ
닜	ニッ
닝	ニン
닞	ニッ
닟	ニッ
닠	ニク
닡	ニッ
닢	ニプ
닣	ニッ
다	ダ
닥	ダク
닦	ダク
닧	ダク
단	ダン
닩	ダン
닪	ダン
닫	ダッ
달	ダル
닭	ダク
닮	ダム
닯	ダル
닰	ダル
닱	ダル
닲	ダプ
닳	ダル
담	ダム
답	ダプ
닶	ダプ
닷	ダッ
닸	ダッ
당	ダン
닺	ダッ
닻	ダッ
닼	ダク
닽	ダッ
닾	ダプ
닿	ダッ
대	デ
댁	デク
댂	デク
댃	デク
댄	デン
댅	デン
댆	デン
댇	デッ
댈	デル
댉	デク
댊	デム
댋	デル
댌	デル
댍	デル
댎	デプ
댏	デル
댐	デム
댑	デプ
댒	デプ
댓	デッ
댔	デッ
댕	デン
댖	デッ
댗	デッ
댘	デク
댙	デッ
댚	デプ
댛	デッ
댜	デャ
댝	デャク
댞	デャク
댟	デャク
댠	デャン
댡	デャン
댢	デャン
댣	デャッ
댤	デャル
댥	デャク
댦	デャム
댧	デャル
댨	デャル
댩	デャル
댪	デャプ
댫	デャル
댬	デャム
댭	デャプ
댮	デャプ
댯	デャッ
댰	デャッ
댱	デャン
댲	デャッ
댳	デャッ
댴	デャク
댵	デャッ
댶	デャプ
댷	デャッ
댸	ディェ
댹	ディェク
댺	ディェク
댻	ディェク
댼	ディェン
댽	ディェン
댾	ディェン
댿	ディェッ
덀	ディェル
덁	ディェク
덂	ディェム
덃	ディェル
덄	ディェル
덅	ディェル
덆	ディェプ
덇	ディェル
덈	ディェム
덉	ディェプ
덊	ディェプ
덋	ディェッ
덌	ディェッ
덍	ディェン
덎	ディェッ
덏	ディェッ
덐	ディェク
덑	ディェッ
덒	ディェプ
덓	ディェッ
더	ド
덕	ドク
덖	ドク
덗	ドク
던	ドン
덙	ドン
덚	ドン
덛	ドッ
덜	ドル
덝	ドク
덞	ドム
덟	ドル
덠	ドル
덡	ドル
덢	ドプ
덣	ドル
덤	ドム
덥	ドプ
덦	ドプ
덧	ドッ
덨	ドッ
덩	ドン
덪	ドッ
덫	ドッ
덬	ドク
덭	ドッ
덮	ドプ
덯	ドッ
데	デ
덱	デク
덲	デク
덳	デク
덴	デン
덵	デン
덶	デン
덷	デッ
델	デル
덹	デク
덺	デム
덻	デル
덼	デル
덽	デル
덾	デプ
덿	デル
뎀	デム
뎁	デプ
뎂	デプ
뎃	デッ
뎄	デッ
뎅	デン
뎆	デッ
뎇	デッ
뎈	デク
뎉	デッ
뎊	デプ
뎋	デッ
뎌	デョ
뎍	デョク
뎎	デョク
뎏	デョク
뎐	デョン
뎑	デョン
뎒	デョン
뎓	デョッ
뎔	デョル
뎕	デョク
뎖	デョム
뎗	デョル
뎘	デョル
뎙	デョル
뎚	デョプ
뎛	デョル
뎜	デョム
뎝	デョプ
뎞	デョプ
뎟	デョッ
뎠	デョッ
뎡	デョン
뎢	デョッ
뎣	デョッ
뎤	デョク
뎥	デョッ
뎦	デョプ
뎧	デョッ
뎨	ディェ
뎩	ディェク
뎪	ディェク
뎫	ディェク
뎬	ディェン
뎭	ディェン
뎮	ディェン
뎯	ディェッ
뎰	ディェル
뎱	ディェク
뎲	ディェム
뎳	ディェル
뎴	ディェル
뎵	ディェル
뎶	ディェプ
뎷	ディェル
뎸	ディェム
뎹	ディェプ
뎺	ディェプ
뎻	ディェッ
뎼	ディェッ
뎽	ディェン
뎾	ディェッ
뎿	ディェッ
돀	ディェク
돁	ディェッ
돂	ディェプ
돃	ディェッ
도	ド
독	ドク
돆	ドク
돇	ドク
돈	ドン
돉	ドン
돊	ドン
돋	ドッ
돌	ドル
돍	ドク
돎	ドム
돏	ドル
돐	ドル
돑	ドル
돒	ドプ
돓	ドル
돔	ドム
돕	ドプ
돖	ドプ
돗	ドッ
돘	ドッ
동	ドン
돚	ドッ
돛	ドッ
돜	ドク
돝	ドッ
돞	ドプ
돟	ドッ
돠	ドゥァ
돡	ドゥァク
돢	ドゥァク
돣	ドゥァク
돤	ドゥァン
돥	ドゥァン
돦	ドゥァン
돧	ドゥァッ
돨	ドゥァル
돩	ドゥァク
돪	ドゥァム
돫	ドゥァル
돬	ドゥァル
돭	ドゥァル
돮	ドゥァプ
돯	ドゥァル
돰	ドゥァム
돱	ドゥァプ
돲	ドゥァプ
돳	ドゥァッ
돴	ドゥァッ
돵	ドゥァン
돶	ドゥァッ
돷	ドゥァッ
돸	ドゥァク
돹	ドゥァッ
돺	ドゥァプ
돻	ドゥァッ
돼	ドゥェ
돽	ドゥェク
돾	ドゥェク
돿	ドゥェク
됀	ドゥェン
됁	ドゥェン
됂	ドゥェン
됃	ドゥェッ
됄	ドゥェル
됅	ドゥェク
됆	ドゥェム
됇	ドゥェル
됈	ドゥェル
됉	ドゥェル
됊	ドゥェプ
됋	ドゥェル
됌	ドゥェム
됍	ドゥェプ
됎	ドゥェプ
됏	ドゥェッ
됐	ドゥェッ
됑	ドゥェン
됒	ドゥェッ
됓	ドゥェッ
됔	ドゥェク
됕	ドゥェッ
됖	ドゥェプ
됗	ドゥェッ
되	ドゥェ
됙	ドゥェク
됚	ドゥェク
됛	ドゥェク
된	ドゥェン
됝	ドゥェン
됞	ドゥェン
됟	ドゥェッ
될	ドゥェル
됡	ドゥェク
됢	ドゥェム
됣	ドゥェル
됤	ドゥェル
됥	ドゥェル
됦	ドゥェプ
됧	ドゥェル
됨	ドゥェム
됩	ドゥェプ
됪	ドゥェプ
됫	ドゥェッ
됬	ドゥェッ
됭	ドゥェン
됮	ドゥェッ
됯	ドゥェッ
됰	ドゥェク
됱	ドゥェッ
됲	ドゥェプ
됳	ドゥェッ
됴	デョ
됵	デョク
됶	デョク
됷	デョク
됸	デョン
됹	デョン
됺	デョン
됻	デョッ
됼	デョル
됽	デョク
됾	デョム
됿	デョル
둀	デョル
둁	デョル
둂	デョプ
둃	デョル
둄	デョム
둅	デョプ
둆	デョプ
둇	デョッ
둈	デョッ
둉	デョン
둊	デョッ
둋	デョッ
둌	デョク
둍	デョッ
둎	デョプ
둏	デョッ
두	ドゥ
둑	ドゥク
둒	ドゥク
둓	ドゥク
둔	ドゥン
둕	ドゥン
둖	ドゥン
둗	ドゥッ
둘	ドゥル
둙	ドゥク
둚	ドゥム
둛	ドゥル
둜	ドゥル
둝	ドゥル
둞	ドゥプ
둟	ドゥル
둠	ドゥム
둡	ドゥプ
둢	ドゥプ
둣	ドゥッ
둤	ドゥッ
둥	ドゥン
둦	ドゥッ
둧	ドゥッ
둨	ドゥク
둩	ドゥッ
둪	ドゥプ
둫	ドゥッ
둬	ドゥォ
둭	ドゥォク
둮	ドゥォク
둯	ドゥォク
둰	ドゥォン
둱	ドゥォン
둲	ドゥォン
둳	ドゥォッ
둴	ドゥォル
둵	ドゥォク
둶	ドゥォム
둷	ドゥォル
둸	ドゥォル
둹	ドゥォル
둺	ドゥォプ
둻	ドゥォル
둼	ドゥォム
둽	ドゥォプ
둾	ドゥォプ
둿	ドゥォッ
뒀	ドゥォッ
뒁	ドゥォン
뒂	ドゥォッ
뒃	ドゥォッ
뒄	ドゥォク
뒅	ドゥォッ
뒆	ドゥォプ
뒇	ドゥォッ
뒈	ドゥェ
뒉	ドゥェク
뒊	ドゥェク
뒋	ドゥェク
뒌	ドゥェン
뒍	ドゥェン
뒎	ドゥェン
뒏	ドゥェッ
뒐	ドゥェル
뒑	ドゥェク
뒒	ドゥェム
뒓	ドゥェル
뒔	ドゥェル
뒕	ドゥェル
뒖	ドゥェプ
뒗	ドゥェル
뒘	ドゥェム
뒙	ドゥェプ
뒚	ドゥェプ
뒛	ドゥェッ
뒜	ドゥェッ
뒝	ドゥェン
뒞	ドゥェッ
뒟	ドゥェッ
뒠	ドゥェク
뒡	ドゥェッ
뒢	ドゥェプ
뒣	ドゥェッ
뒤	ドゥィ
뒥	ドゥィク
뒦	ドゥィク
뒧	ドゥィク
뒨	ドゥィン
뒩	ドゥィン
뒪	ドゥィン
뒫	ドゥィッ
뒬	ドゥィル
뒭	ドゥィク
뒮	ドゥィム
뒯	ドゥィル
뒰	ドゥィル
뒱	ドゥィル
뒲	ドゥィプ
뒳	ドゥィル
뒴	ドゥィム
뒵	ドゥィプ
뒶	ドゥィプ
뒷	ドゥィッ
뒸	ドゥィッ
뒹	ドゥィン
뒺	ドゥィッ
뒻	ドゥィッ
뒼	ドゥィク
뒽	ドゥィッ
뒾	ドゥィプ
뒿	ドゥィッ
듀	デュ
듁	デュク
듂	デュク
듃	デュク
듄	デュン
듅	デュン
듆	デュン
듇	デュッ
듈	デュル
듉	デュク
듊	デュム
듋	デュル
듌	デュル
듍	デュル
듎	デュプ
듏	デュル
듐	デュム
듑	デュプ
듒	デュプ
듓	デュッ
듔	デュッ
듕	デュン
듖	デュッ
듗	デュッ
듘	デュク
듙	デュッ
듚	デュプ
듛	デュッ
드	ドゥ
득	ドゥク
듞	ドゥク
듟	ドゥク
든	ドゥン
듡	ドゥン
듢	ドゥン
듣	ドゥッ
들	ドゥル
듥	ドゥク
듦	ドゥム
듧	ドゥル
듨	ドゥル
듩	ドゥル
듪	ドゥプ
듫	ドゥル
듬	ドゥム
듭	ドゥプ
듮	ドゥプ
듯	ドゥッ
듰	ドゥッ
등	ドゥン
듲	ドゥッ
듳	ドゥッ
듴	ドゥク
듵	ドゥッ
듶	ドゥプ
듷	ドゥッ
듸	ディ
듹	ディク
듺	ディク
듻	ディク
듼	ディン
듽	ディン
듾	ディン
듿	ディッ
딀	ディル
딁	ディク
딂	ディム
딃	ディル
딄	ディル
딅	ディル
딆	ディプ
딇	ディル
딈	ディム
딉	ディプ
딊	ディプ
딋	ディッ
딌	ディッ
딍	ディン
딎	ディッ
딏	ディッ
딐	ディク
딑	ディッ
딒	ディプ
딓	ディッ
디	ディ
딕	ディク
딖	ディク
딗	ディク
딘	ディン
딙	ディン
딚	ディン
딛	ディッ
딜	ディル
딝	ディク
딞	ディム
딟	ディル
딠	ディル
딡	ディル
딢	ディプ
딣	ディル
딤	ディム
딥	ディプ
딦	ディプ
딧	ディッ
딨	ディッ
딩	ディン
딪	ディッ
딫	ディッ
딬	ディク
딭	ディッ
딮	ディプ
딯	ディッ
따	タ
딱	タク
딲	タク
딳	タク
딴	タン
딵	タン
딶	タン
딷	タッ
딸	タル
딹	タク
딺	タム
딻	タル
딼	タル
딽	タル
딾	タプ
딿	タル
땀	タム
땁	タプ
땂	タプ
땃	タッ
땄	タッ
땅	タン
땆	タッ
땇	タッ
땈	タク
땉	タッ
땊	タプ
땋	タッ
때	テ
땍	テク
땎	テク
땏	テク
땐	テン
땑	テン
땒	テン
땓	テッ
땔	テル
땕	テク
땖	テム
땗	テル
땘	テル
땙	テル
땚	テプ
땛	テル
땜	テム
땝	テプ
땞	テプ
땟	テッ
땠	テッ
땡	テン
땢	テッ
땣	テッ
땤	テク
땥	テッ
땦	テプ
땧	テッ
땨	テャ
땩	テャク
땪	テャク
땫	テャク
땬	テャン
땭	テャン
땮	テャン
땯	テャッ
땰	テャル
땱	テャク
땲	テャム
땳	テャル
땴	テャル
땵	テャル
땶	テャプ
땷	テャル
땸	テャム
땹	テャプ
땺	テャプ
땻	テャッ
땼	テャッ
땽	テャン
땾	テャッ
땿	テャッ
떀	テャク
떁	テャッ
떂	テャプ
떃	テャッ
떄	ティェ
떅	ティェク
떆	ティェク
떇	ティェク
떈	ティェン
떉	ティェン
떊	ティェン
떋	ティェッ
떌	ティェル
떍	ティェク
떎	ティェム
떏	ティェル
떐	ティェル
떑	ティェル
떒	ティェプ
떓	ティェル
떔	ティェム
떕	ティェプ
떖	ティェプ
떗	ティェッ
떘	ティェッ
떙	ティェン
떚	ティェッ
떛	ティェッ
떜	ティェク
떝	ティェッ
떞	ティェプ
떟	ティェッ
떠	ト
떡	トク
떢	トク
떣	トク
떤	トン
떥	トン
떦	トン
떧	トッ
떨	トル
떩	トク
떪	トム
떫	トル
떬	トル
떭	トル
떮	トプ
떯	トル
떰	トム
떱	トプ
떲	トプ
떳	トッ
떴	トッ
떵	トン
떶	トッ
떷	トッ
떸	トク
떹	トッ
떺	トプ
떻	トッ
떼	テ
떽	テク
떾	テク
떿	テク
뗀	テン
뗁	テン
뗂	テン
뗃	テッ
뗄	テル
뗅	テク
뗆	テム
뗇	テル
뗈	テル
뗉	テル
뗊	テプ
뗋	テル
뗌	テム
뗍	テプ
뗎	テプ
뗏	テッ
뗐	テッ
뗑	テン
뗒	テッ
뗓	テッ
뗔	テク
뗕	テッ
뗖	テプ
뗗	テッ
뗘	テョ
뗙	テョク
뗚	テョク
뗛	テョク
뗜	テョン
뗝	テョン
뗞	テョン
뗟	テョッ
뗠	テョル
뗡	テョク
뗢	テョム
뗣	テョル
뗤	テョル
뗥	テョル
뗦	テョプ
뗧	テョル
뗨	テョム
뗩	テョプ
뗪	テョプ
뗫	テョッ
뗬	テョッ
뗭	テョン
뗮	テョッ
뗯	テョッ
뗰	テョク
뗱	テョッ
뗲	テョプ
뗳	テョッ
뗴	ティェ
뗵	ティェク
뗶	ティェク
뗷	ティェク
뗸	ティェン
뗹	ティェン
뗺	ティェン
뗻	ティェッ
뗼	ティェル
뗽	ティェク
뗾	ティェム
뗿	ティェル
똀	ティェル
똁	ティェル
똂	ティェプ
똃	ティェル
똄	ティェム
똅	ティェプ
똆	ティェプ
똇	ティェッ
똈	ティェッ
똉	ティェン
똊	ティェッ
똋	ティェッ
똌	ティェク
똍	ティェッ
똎	ティェプ
똏	ティェッ
또	ト
똑	トク
똒	トク
똓	トク
똔	トン
똕	トン
똖	トン
똗	トッ
똘	トル
똙	トク
똚	トム
똛	トル
똜	トル
똝	トル
똞	トプ
똟	トル
똠	トム
똡	トプ
똢	トプ
똣	トッ
똤	トッ
똥	トン
똦	トッ
똧	トッ
똨	トク
똩	トッ
똪	トプ
똫	トッ
똬	テゥァ
똭	テゥァク
똮	テゥァク
똯	テゥァク
똰	テゥァン
똱	テゥァン
똲	テゥァン
똳	テゥァッ
똴	テゥァル
똵	テゥァク
똶	テゥァム
똷	テゥァル
똸	テゥァル
똹	テゥァル
똺	テゥァプ
똻	テゥァル
똼	テゥァム
똽	テゥァプ
똾	テゥァプ
똿	テゥァッ
뙀	テゥァッ
뙁	テゥァン
뙂	テゥァッ
뙃	テゥァッ
뙄	テゥァク
뙅	テゥァッ
뙆	テゥァプ
뙇	テゥァッ
뙈	テゥェ
뙉	テゥェク
뙊	テゥェク
뙋	テゥェク
뙌	テゥェン
뙍	テゥェン
뙎	テゥェン
뙏	テゥェッ
뙐	テゥェル
뙑	テゥェク
뙒	テゥェム
뙓	テゥェル
뙔	テゥェル
뙕	テゥェル
뙖	テゥェプ
뙗	テゥェル
뙘	テゥェム
뙙	テゥェプ
뙚	テゥェプ
뙛	テゥェッ
뙜	テゥェッ
뙝	テゥェン
뙞	テゥェッ
뙟	テゥェッ
뙠	テゥェク
뙡	テゥェッ
뙢	テゥェプ
뙣	テゥェッ
뙤	テゥェ
뙥	テゥェク
뙦	テゥェク
뙧	テゥェク
뙨	テゥェン
뙩	テゥェン
뙪	テゥェン
뙫	テゥェッ
뙬	テゥェル
뙭	テゥェク
뙮	テゥェム
뙯	テゥェル
뙰	テゥェル
뙱	テゥェル
뙲	テゥェプ
뙳	テゥェル
뙴	テゥェム
뙵	テゥェプ
뙶	テゥェプ
뙷	テゥェッ
뙸	テゥェッ
뙹	テゥェン
뙺	テゥェッ
뙻	テゥェッ
뙼	テゥェク
뙽	テゥェッ
뙾	テゥェプ
뙿	テゥェッ
뚀	テョ
뚁	テョク
뚂	テョク
뚃	テョク
뚄	テョン
뚅	テョン
뚆	テョン
뚇	テョッ
뚈	テョル
뚉	テョク
뚊	テョム
뚋	テョル
뚌	テョル
뚍	テョル
뚎	テョプ
뚏	テョル
뚐	テョム
뚑	テョプ
뚒	テョプ
뚓	テョッ
뚔	テョッ
뚕	テョン
뚖	テョッ
뚗	テョッ
뚘	テョク
뚙	テョッ
뚚	テョプ
뚛	テョッ
뚜	トゥ
뚝	トゥク
뚞	トゥク
뚟	トゥク
뚠	トゥン
뚡	トゥン
뚢	トゥン
뚣	トゥッ
뚤	トゥル
뚥	トゥク
뚦	トゥム
뚧	トゥル
뚨	トゥル
뚩	トゥル
뚪	トゥプ
뚫	トゥル
뚬	トゥム
뚭	トゥプ
뚮	トゥプ
뚯	トゥッ
뚰	トゥッ
뚱	トゥン
뚲	トゥッ
뚳	トゥッ
뚴	トゥク
뚵	トゥッ
뚶	トゥプ
뚷	トゥッ
뚸	テゥォ
뚹	テゥォク
뚺	テゥォク
뚻	テゥォク
뚼	テゥォン
뚽	テゥォン
뚾	テゥォン
뚿	テゥォッ
뛀	テゥォル
뛁	テゥォク
뛂	テゥォム
뛃	テゥォル
뛄	テゥォル
뛅	テゥォル
뛆	テゥォプ
뛇	テゥォル
뛈	テゥォム
뛉	テゥォプ
뛊	テゥォプ
뛋	テゥォッ
뛌	テゥォッ
뛍	テゥォン
뛎	テゥォッ
뛏	テゥォッ
뛐	テゥォク
뛑	テゥォッ
뛒	テゥォプ
뛓	テゥォッ
뛔	テゥェ
뛕	テゥェク
뛖	テゥェク
뛗	テゥェク
뛘	テゥェン
뛙	テゥェン
뛚	テゥェン
뛛	テゥェッ
뛜	テゥェル
뛝	テゥェク
뛞	テゥェム
뛟	テゥェル
뛠	テゥェル
뛡	テゥェル
뛢	テゥェプ
뛣	テゥェル
뛤	テゥェム
뛥	テゥェプ
뛦	テゥェプ
뛧	テゥェッ
뛨	テゥェッ
뛩	テゥェン
뛪	テゥェッ
뛫	テゥェッ
뛬	テゥェク
뛭	テゥェッ
뛮	テゥェプ
뛯	テゥェッ
뛰	テゥィ
뛱	テゥィク
뛲	テゥィク
뛳	テゥィク
뛴	テゥィン
뛵	テゥィン
뛶	テゥィン
뛷	テゥィッ
뛸	テゥィル
뛹	テゥィク
뛺	テゥィム
뛻	テゥィル
뛼	テゥィル
뛽	テゥィル
뛾	テゥィプ
뛿	テゥィル
뜀	テゥィム
뜁	テゥィプ
뜂	テゥィプ
뜃	テゥィッ
뜄	テゥィッ
뜅	テゥィン
뜆	テゥィッ
뜇	テゥィッ
뜈	テゥィク
뜉	テゥィッ
뜊	テゥィプ
뜋	テゥィッ
뜌	テュ
뜍	テュク
뜎	テュク
뜏	テュク
뜐	テュン
뜑	テュン
뜒	テュン
뜓	テュッ
뜔	テュル
뜕	テュク
뜖	テュム
뜗	テュル
뜘	テュル
뜙	テュル
뜚	テュプ
뜛	テュル
뜜	テュム
뜝	テュプ
뜞	テュプ
뜟	テュッ
뜠	テュッ
뜡	テュン
뜢	テュッ
뜣	テュッ
뜤	テュク
뜥	テュッ
뜦	テュプ
뜧	テュッ
뜨	トゥ
뜩	トゥク
뜪	トゥク
뜫	トゥク
뜬	トゥン
뜭	トゥン
뜮	トゥン
뜯	トゥッ
뜰	トゥル
뜱	トゥク
뜲	トゥム
뜳	トゥル
뜴	トゥル
뜵	トゥル
뜶	トゥプ
뜷	トゥル
뜸	トゥム
뜹	トゥプ
뜺	トゥプ
뜻	トゥッ
뜼	トゥッ
뜽	トゥン
뜾	トゥッ
뜿	トゥッ
띀	トゥク
띁	トゥッ
띂	トゥプ
띃	トゥッ
띄	ティ
띅	ティク
띆	ティク
띇	ティク
띈	ティン
띉	ティン
띊	ティン
띋	ティッ
띌	ティル
띍	ティク
띎	ティム
띏	ティル
띐	ティル
띑	ティル
띒	ティプ
띓	ティル
띔	ティム
띕	ティプ
띖	ティプ
띗	ティッ
띘	ティッ
띙	ティン
띚	ティッ
띛	ティッ
띜	ティク
띝	ティッ
띞	ティプ
띟	ティッ
띠	ティ
띡	ティク
띢	ティク
띣	ティク
띤	ティン
띥	ティン
띦	ティン
띧	ティッ
띨	ティル
띩	ティク
띪	ティム
띫	ティル
띬	ティル
띭	ティル
띮	ティプ
띯	ティル
띰	ティム
띱	ティプ
띲	ティプ
띳	ティッ
띴	ティッ
띵	ティン
띶	ティッ
띷	ティッ
띸	ティク
띹	ティッ
띺	ティプ
띻	ティッ
라	ラ
락	ラク
띾	ラク
띿	ラク
란	ラン
랁	ラン
랂	ラン
랃	ラッ
랄	ラル
랅	ラク
랆	ラム
랇	ラル
랈	ラル
랉	ラル
랊	ラプ
랋	ラル
람	ラム
랍	ラプ
랎	ラプ
랏	ラッ
랐	ラッ
랑	ラン
랒	ラッ
랓	ラッ
랔	ラク
랕	ラッ
랖	ラプ
랗	ラッ
래	レ
랙	レク
랚	レク
랛	レク
랜	レン
랝	レン
랞	レン
랟	レッ
랠	レル
랡	レク
랢	レム
랣	レル
랤	レル
랥	レル
랦	レプ
랧	レル
램	レム
랩	レプ
랪	レプ
랫	レッ
랬	レッ
랭	レン
랮	レッ
랯	レッ
랰	レク
랱	レッ
랲	レプ
랳	レッ
랴	リャ
략	リャク
랶	リャク
랷	リャク
랸	リャン
랹	リャン
랺	リャン
랻	リャッ
랼	リャル
랽	リャク
랾	リャム
랿	リャル
럀	リャル
럁	リャル
럂	リャプ
럃	リャル
럄	リャム
럅	リャプ
럆	リャプ
럇	リャッ
럈	リャッ
량	リャン
럊	リャッ
럋	リャッ
럌	リャク
럍	リャッ
럎	リャプ
럏	リャッ
럐	リェ
럑	リェク
럒	リェク
럓	リェク
럔	リェン
럕	リェン
럖	リェン
럗	リェッ
럘	リェル
럙	リェク
럚	リェム
럛	リェル
럜	リェル
럝	リェル
럞	リェプ
럟	リェル
럠	リェム
럡	リェプ
럢	リェプ
럣	リェッ
럤	リェッ
럥	リェン
럦	リェッ
럧	リェッ
럨	リェク
럩	リェッ
럪	リェプ
럫	リェッ
러	ロ
럭	ロク
럮	ロク
럯	ロク
런	ロン
럱	ロン
럲	ロン
럳	ロッ
럴	ロル
럵	ロク
럶	ロム
럷	ロル
럸	ロル
럹	ロル
럺	ロプ
럻	ロル
럼	ロム
럽	ロプ
럾	ロプ
럿	ロッ
렀	ロッ
렁	ロン
렂	ロッ
렃	ロッ
렄	ロク
렅	ロッ
렆	ロプ
렇	ロッ
레	レ
렉	レク
렊	レク
렋	レク
렌	レン
렍	レン
렎	レン
렏	レッ
렐	レル
렑	レク
렒	レム
렓	レル
렔	レル
렕	レル
렖	レプ
렗	レル
렘	レム
렙	レプ
렚	レプ
렛	レッ
렜	レッ
렝	レン
렞	レッ
렟	レッ
렠	レク
렡	レッ
렢	レプ
렣	レッ
려	リョ
력	リョク
렦	リョク
렧	リョク
련	リョン
렩	リョン
렪	リョン
렫	リョッ
렬	リョル
렭	リョク
렮	リョム
렯	リョル
렰	リョル
렱	リョル
렲	リョプ
렳	リョル
렴	リョム
렵	リョプ
렶	リョプ
렷	リョッ
렸	リョッ
령	リョン
렺	リョッ
렻	リョッ
렼	リョク
렽	リョッ
렾	リョプ
렿	リョッ
례	リェ
롁	リェク
롂	リェク
롃	リェク
롄	リェン
롅	リェン
롆	リェン
롇	リェッ
롈	リェル
롉	リェク
롊	リェム
롋	リェル
롌	リェル
롍	リェル
롎	リェプ
롏	リェル
롐	リェム
롑	リェプ
롒	リェプ
롓	リェッ
롔	リェッ
롕	リェン
롖	リェッ
롗	リェッ
롘	リェク
롙	リェッ
롚	リェプ
롛	リェッ
로	ロ
록	ロク
롞	ロク
롟	ロク
론	ロン
롡	ロン
롢	ロン
롣	ロッ
롤	ロル
롥	ロク
롦	ロム
롧	ロル
롨	ロル
롩	ロル
롪	ロプ
롫	ロル
롬	ロム
롭	ロプ
롮	ロプ
롯	ロッ
롰	ロッ
롱	ロン
롲	ロッ
롳	ロッ
롴	ロク
롵	ロッ
롶	ロプ
롷	ロッ
롸	ルァ
롹	ルァク
롺	ルァク
롻	ルァク
롼	ルァン
롽	ルァン
롾	ルァン
롿	ルァッ
뢀	ルァル
뢁	ルァク
뢂	ルァム
뢃	ルァル
뢄	ルァル
뢅	ルァル
뢆	ルァプ
뢇	ルァル
뢈	ルァム
뢉	ルァプ
뢊	ルァプ
뢋	ルァッ
뢌	ルァッ
뢍	ルァン
뢎	ルァッ
뢏	ルァッ
뢐	ルァク
뢑	ルァッ
뢒	ルァプ
뢓	ルァッ
뢔	ルェ
뢕	ルェク
뢖	ルェク
뢗	ルェク
뢘	ルェン
뢙	ルェン
뢚	ルェン
뢛	ルェッ
뢜	ルェル
뢝	ルェク
뢞	ルェム
뢟	ルェル
뢠	ルェル
뢡	ルェル
뢢	ルェプ
뢣	ルェル
뢤	ルェム
뢥	ルェプ
뢦	ルェプ
뢧	ルェッ
뢨	ルェッ
뢩	ルェン
뢪	ルェッ
뢫	ルェッ
뢬	ルェク
뢭	ルェッ
뢮	ルェプ
뢯	ルェッ
뢰	ルェ
뢱	ルェク
뢲	ルェク
뢳	ルェク
뢴	ルェン
뢵	ルェン
뢶	ルェン
뢷	ルェッ
뢸	ルェル
뢹	ルェク
뢺	ルェム
뢻	ルェル
뢼	ルェル
뢽	ルェル
뢾	ルェプ
뢿	ルェル
룀	ルェム
룁	ルェプ
룂	ルェプ
룃	ルェッ
룄	ルェッ
룅	ルェン
룆	ルェッ
룇	ルェッ
룈	ルェク
룉	ルェッ
룊	ルェプ
룋	ルェッ
료	リョ
룍	リョク
룎	リョク
룏	リョク
룐	リョン
룑	リョン
룒	リョン
룓	リョッ
룔	リョル
룕	リョク
룖	リョム
룗	リョル
룘	リョル
룙	リョル
룚	リョプ
룛	リョル
룜	リョム
룝	リョプ
룞	リョプ
룟	リョッ
룠	リョッ
룡	リョン
룢	リョッ
룣	リョッ
룤	リョク
룥	リョッ
룦	リョプ
룧	リョッ
루	ル
룩	ルク
룪	ルク
룫	ルク
룬	ルン
룭	ルン
룮	ルン
룯	ルッ
룰	ルル
룱	ルク
룲	ルム
룳	ルル
룴	ルル
룵	ルル
룶	ルプ
룷	ルル
룸	ルム
룹	ルプ
룺	ルプ
룻	ルッ
룼	ルッ
룽	ルン
룾	ルッ
룿	ルッ
뤀	ルク
뤁	ルッ
뤂	ルプ
뤃	ルッ
뤄	ルォ
뤅	ルォク
뤆	ルォク
뤇	ルォク
뤈	ルォン
뤉	ルォン
뤊	ルォン
뤋	ルォッ
뤌	ルォル
뤍	ルォク
뤎	ルォム
뤏	ルォル
뤐	ルォル
뤑	ルォル
뤒	ルォプ
뤓	ルォル
뤔	ルォム
뤕	ルォプ
뤖	ルォプ
뤗	ルォッ
뤘	ルォッ
뤙	ルォン
뤚	ルォッ
뤛	ルォッ
뤜	ルォク
뤝	ルォッ
뤞	ルォプ
뤟	ルォッ
뤠	ルェ
뤡	ルェク
뤢	ルェク
뤣	ルェク
뤤	ルェン
뤥	ルェン
뤦	ルェン
뤧	ルェッ
뤨	ルェル
뤩	ルェク
뤪	ルェム
뤫	ルェル
뤬	ルェル
뤭	ルェル
뤮	ルェプ
뤯	ルェル
뤰	ルェム
뤱	ルェプ
뤲	ルェプ
뤳	ルェッ
뤴	ルェッ
뤵	ルェン
뤶	ルェッ
뤷	ルェッ
뤸	ルェク
뤹	ルェッ
뤺	ルェプ
뤻	ルェッ
뤼	ルィ
뤽	ルィク
뤾	ルィク
뤿	ルィク
륀	ルィン
륁	ルィン
륂	ルィン
륃	ルィッ
륄	ルィル
륅	ルィク
륆	ルィム
륇	ルィル
륈	ルィル
륉	ルィル
륊	ルィプ
륋	ルィル
륌	ルィム
륍	ルィプ
륎	ルィプ
륏	ルィッ
륐	ルィッ
륑	ルィン
륒	ルィッ
륓	ルィッ
륔	ルィク
륕	ルィッ
륖	ルィプ
륗	ルィッ
류	リュ
륙	リュク
륚	リュク
륛	リュク
륜	リュン
륝	リュン
륞	リュン
륟	リュッ
률	リュル
륡	リュク
륢	リュム
륣	リュル
륤	リュル
륥	リュル
륦	リュプ
륧	リュル
륨	リュム
륩	リュプ
륪	リュプ
륫	リュッ
륬	リュッ
륭	リュン
륮	リュッ
륯	リュッ
륰	リュク
륱	リュッ
륲	リュプ
륳	リュッ
르	ル
륵	ルク
륶	ルク
륷	ルク
른	ルン
륹	ルン
륺	ルン
륻	ルッ
를	ルル
륽	ルク
륾	ルム
륿	ルル
릀	ルル
릁	ルル
릂	ルプ
릃	ルル
름	ルム
릅	ルプ
릆	ルプ
릇	ルッ
릈	ルッ
릉	ルン
릊	ルッ
릋	ルッ
릌	ルク
릍	ルッ
릎	ルプ
릏	ルッ
릐	リ
릑	リク
릒	リク
릓	リク
릔	リン
릕	リン
릖	リン
릗	リッ
릘	リル
릙	リク
릚	リム
릛	リル
릜	リル
릝	リル
릞	リプ
릟	リル
릠	リム
릡	リプ
릢	リプ
릣	リッ
릤	リッ
릥	リン
릦	リッ
릧	リッ
릨	リク
릩	リッ
릪	リプ
릫	リッ
리	リ
릭	リク
릮	リク
릯	リク
린	リン
릱	リン
릲	リン
릳	リッ
릴	リル
릵	リク
릶	リム
릷	リル
릸	リル
릹	リル
릺	リプ
릻	リル
림	リム
립	リプ
릾	リプ
릿	リッ
맀	リッ
링	リン
맂	リッ
맃	リッ
맄	リク
맅	リッ
맆	リプ
맇	リッ
마	マ
막	マク
맊	マク
맋	マク
만	マン
맍	マン
많	マン
맏	マッ
말	マル
맑	マク
맒	マム
맓	マル
맔	マル
맕	マル
맖	マプ
맗	マル
맘	マム
맙	マプ
맚	マプ
맛	マッ
맜	マッ
망	マン
맞	マッ
맟	マッ
맠	マク
맡	マッ
맢	マプ
맣	マッ
매	メ
맥	メク
맦	メク
맧	メク
맨	メン
맩	メン
맪	メン
맫	メッ
맬	メル
맭	メク
맮	メム
맯	メル
맰	メル
맱	メル
맲	メプ
맳	メル
맴	メム
맵	メプ
맶	メプ
맷	メッ
맸	メッ
맹	メン
맺	メッ
맻	メッ
맼	メク
맽	メッ
맾	メプ
맿	メッ
먀	ミャ
먁	ミャク
먂	ミャク
먃	ミャク
먄	ミャン
먅	ミャン
먆	ミャン
먇	ミャッ
먈	ミャル
먉	ミャク
먊	ミャム
먋	ミャル
먌	ミャル
먍	ミャル
먎	ミャプ
먏	ミャル
먐	ミャム
먑	ミャプ
먒	ミャプ
먓	ミャッ
먔	ミャッ
먕	ミャン
먖	ミャッ
먗	ミャッ
먘	ミャク
먙	ミャッ
먚	ミャプ
먛	ミャッ
먜	ミェ
먝	ミェク
먞	ミェク
먟	ミェク
먠	ミェン
먡	ミェン
먢	ミェン
먣	ミェッ
먤	ミェル
먥	ミェク
먦	ミェム
먧	ミェル
먨	ミェル
먩	ミェル
먪	ミェプ
먫	ミェル
먬	ミェム
먭	ミェプ
먮	ミェプ
먯	ミェッ
먰	ミェッ
먱	ミェン
먲	ミェッ
먳	ミェッ
먴	ミェク
먵	ミェッ
먶	ミェプ
먷	ミェッ
머	モ
먹	モク
먺	モク
먻	モク
먼	モン
먽	モン
먾	モン
먿	モッ
멀	モル
멁	モク
멂	モム
멃	モル
멄	モル
멅	モル
멆	モプ
멇	モル
멈	モム
멉	モプ
멊	モプ
멋	モッ
멌	モッ
멍	モン
멎	モッ
멏	モッ
멐	モク
멑	モッ
멒	モプ
멓	モッ
메	メ
멕	メク
멖	メク
멗	メク
멘	メン
멙	メン
멚	メン
멛	メッ
멜	メル
멝	メク
멞	メム
멟	メル
멠	メル
멡	メル
멢	メプ
멣	メル
멤	メム
멥	メプ
멦	メプ
멧	メッ
멨	メッ
멩	メン
멪	メッ
멫	メッ
멬	メク
멭	メッ
멮	メプ
멯	メッ
며	ミョ
멱	ミョク
멲	ミョク
멳	ミョク
면	ミョン
멵	ミョン
멶	ミョン
멷	ミョッ
멸	ミョル
멹	ミョク
멺	ミョム
멻	ミョル
멼	ミョル
멽	ミョル
멾	ミョプ
멿	ミョル
몀	ミョム
몁	ミョプ
몂	ミョプ
몃	ミョッ
몄	ミョッ
명	ミョン
몆	ミョッ
몇	ミョッ
몈	ミョク
몉	ミョッ
몊	ミョプ
몋	ミョッ
몌	ミェ
몍	ミェク
몎	ミェク
몏	ミェク
몐	ミェン
몑	ミェン
몒	ミェン
몓	ミェッ
몔	ミェル
몕	ミェク
몖	ミェム
몗	ミェル
몘	ミェル
몙	ミェル
몚	ミェプ
몛	ミェル
몜	ミェム
몝	ミェプ
몞	ミェプ
몟	ミェッ
몠	ミェッ
몡	ミェン
몢	ミェッ
몣	ミェッ
몤	ミェク
몥	ミェッ
몦	ミェプ
몧	ミェッ
모	モ
목	モク
몪	モク
몫	モク
몬	モン
몭	モン
몮	モン
몯	モッ
몰	モル
몱	モク
몲	モム
몳	モル
몴	モル
몵	モル
몶	モプ
몷	モル
몸	モム
몹	モプ
몺	モプ
못	モッ
몼	モッ
몽	モン
몾	モッ
몿	モッ
뫀	モク
뫁	モッ
뫂	モプ
뫃	モッ
뫄	ムァ
뫅	ムァク
뫆	ムァク
뫇	ムァク
뫈	ムァン
뫉	ムァン
뫊	ムァン
뫋	ムァッ
뫌	ムァル
뫍	ムァク
뫎	ムァム
뫏	ムァル
뫐	ムァル
뫑	ムァル
뫒	ムァプ
뫓	ムァル
뫔	ムァム
뫕	ムァプ
뫖	ムァプ
뫗	ムァッ
뫘	ムァッ
뫙	ムァン
뫚	ムァッ
뫛	ムァッ
뫜	ムァク
뫝	ムァッ
뫞	ムァプ
뫟	ムァッ
뫠	ムェ
뫡	ムェク
뫢	ムェク
뫣	ムェク
뫤	ムェン
뫥	ムェン
뫦	ムェン
뫧	ムェッ
뫨	ムェル
뫩	ムェク
뫪	ムェム
뫫	ムェル
뫬	ムェル
뫭	ムェル
뫮	ムェプ
뫯	ムェル
뫰	ムェム
뫱	ムェプ
뫲	ムェプ
뫳	ムェッ
뫴	ムェッ
뫵	ムェン
뫶	ムェッ
뫷	ムェッ
뫸	ムェク
뫹	ムェッ
뫺	ムェプ
뫻	ムェッ
뫼	ムェ
뫽	ムェク
뫾	ムェク
뫿	ムェク
묀	ムェン
묁	ムェン
묂	ムェン
묃	ムェッ
묄	ムェル
묅	ムェク
묆	ムェム
묇	ムェル
묈	ムェル
묉	ムェル
묊	ムェプ
묋	ムェル
묌	ムェム
묍	ムェプ
묎	ムェプ
묏	ムェッ
묐	ムェッ
묑	ムェン
묒	ムェッ
묓	ムェッ
묔	ムェク
묕	ムェッ
묖	ムェプ
묗	ムェッ
묘	ミョ
묙	ミョク
묚	ミョク
묛	ミョク
묜	ミョン
묝	ミョン
묞	ミョン
묟	ミョッ
묠	ミョル
묡	ミョク
묢	ミョム
묣	ミョル
묤	ミョル
묥	ミョル
묦	ミョプ
묧	ミョル
묨	ミョム
묩	ミョプ
묪	ミョプ
묫	ミョッ
묬	ミョッ
묭	ミョン
묮	ミョッ
묯	ミョッ
묰	ミョク
묱	ミョッ
묲	ミョプ
묳	ミョッ
무	ム
묵	ムク
묶	ムク
묷	ムク
문	ムン
묹	ムン
묺	ムン
묻	ムッ
물	ムル
묽	ムク
묾	ムム
묿	ムル
뭀	ムル
뭁	ムル
뭂	ムプ
뭃	ムル
뭄	ムム
뭅	ムプ
뭆	ムプ
뭇	ムッ
뭈	ムッ
뭉	ムン
뭊	ムッ
뭋	ムッ
뭌	ムク
뭍	ムッ
뭎	ムプ
뭏	ムッ
뭐	ムォ
뭑	ムォク
뭒	ムォク
뭓	ムォク
뭔	ムォン
뭕	ムォン
뭖	ムォン
뭗	ムォッ
뭘	ムォル
뭙	ムォク
뭚	ムォム
뭛	ムォル
뭜	ムォル
뭝	ムォル
뭞	ムォプ
뭟	ムォル
뭠	ムォム
뭡	ムォプ
뭢	ムォプ
뭣	ムォッ
뭤	ムォッ
뭥	ムォン
뭦	ムォッ
뭧	ムォッ
뭨	ムォク
뭩	ムォッ
뭪	ムォプ
뭫	ムォッ
뭬	ムェ
뭭	ムェク
뭮	ムェク
뭯	ムェク
뭰	ムェン
뭱	ムェン
뭲	ムェン
뭳	ムェッ
뭴	ムェル
뭵	ムェク
뭶	ムェム
뭷	ムェル
뭸	ムェル
뭹	ムェル
뭺	ムェプ
뭻	ムェル
뭼	ムェム
뭽	ムェプ
뭾	ムェプ
뭿	ムェッ
뮀	ムェッ
뮁	ムェン
뮂	ムェッ
뮃	ムェッ
뮄	ムェク
뮅	ムェッ
뮆	ムェプ
뮇	ムェッ
뮈	ムィ
뮉	ムィク
뮊	ムィク
뮋	ムィク
뮌	ムィン
뮍	ムィン
뮎	ムィン
뮏	ムィッ
뮐	ムィル
뮑	ムィク
뮒	ムィム
뮓	ムィル
뮔	ムィル
뮕	ムィル
뮖	ムィプ
뮗	ムィル
뮘	ムィム
뮙	ムィプ
뮚	ムィプ
뮛	ムィッ
뮜	ムィッ
뮝	ムィン
뮞	ムィッ
뮟	ムィッ
뮠	ムィク
뮡	ムィッ
뮢	ムィプ
뮣	ムィッ
뮤	ミュ
뮥	ミュク
뮦	ミュク
뮧	ミュク
뮨	ミュン
뮩	ミュン
뮪	ミュン
뮫	ミュッ
뮬	ミュル
뮭	ミュク
뮮	ミュム
뮯	ミュル
뮰	ミュル
뮱	ミュル
뮲	ミュプ
뮳	ミュル
뮴	ミュム
뮵	ミュプ
뮶	ミュプ
뮷	ミュッ
뮸	ミュッ
뮹	ミュン
뮺	ミュッ
뮻	ミュッ
뮼	ミュク
뮽	ミュッ
뮾	ミュプ
뮿	ミュッ
므	ム
믁	ムク
믂	ムク
믃	ムク
믄	ムン
믅	ムン
믆	ムン
믇	ムッ
믈	ムル
믉	ムク
믊	ムム
믋	ムル
믌	ムル
믍	ムル
믎	ムプ
믏	ムル
믐	ムム
믑	ムプ
믒	ムプ
믓	ムッ
믔	ムッ
믕	ムン
믖	ムッ
믗	ムッ
믘	ムク
믙	ムッ
믚	ムプ
믛	ムッ
믜	ミ
믝	ミク
믞	ミク
믟	ミク
믠	ミン
믡	ミン
믢	ミン
믣	ミッ
믤	ミル
믥	ミク
믦	ミム
믧	ミル
믨	ミル
믩	ミル
믪	ミプ
믫	ミル
믬	ミム
믭	ミプ
믮	ミプ
믯	ミッ
믰	ミッ
믱	ミン
믲	ミッ
믳	ミッ
믴	ミク
믵	ミッ
믶	ミプ
믷	ミッ
미	ミ
믹	ミク
믺	ミク
믻	ミク
민	ミン
믽	ミン
믾	ミン
믿	ミッ
밀	ミル
밁	ミク
밂	ミム
밃	ミル
밄	ミル
밅	ミル
밆	ミプ
밇	ミル
밈	ミム
밉	ミプ
밊	ミプ
밋	ミッ
밌	ミッ
밍	ミン
밎	ミッ
및	ミッ
밐	ミク
밑	ミッ
밒	ミプ
밓	ミッ
바	バ
박	バク
밖	バク
밗	バク
반	バン
밙	バン
밚	バン
받	バッ
발	バル
밝	バク
밞	バム
밟	バル
밠	バル
밡	バル
밢	バプ
밣	バル
밤	バム
밥	バプ
밦	バプ
밧	バッ
밨	バッ
방	バン
밪	バッ
밫	バッ
밬	バク
밭	バッ
밮	バプ
밯	バッ
배	ベ
백	ベク
밲	ベク
밳	ベク
밴	ベン
밵	ベン
밶	ベン
밷	ベッ
밸	ベル
밹	ベク
밺	ベム
밻	ベル
밼	ベル
밽	ベル
밾	ベプ
밿	ベル
뱀	ベム
뱁	ベプ
뱂	ベプ
뱃	ベッ
뱄	ベッ
뱅	ベン
뱆	ベッ
뱇	ベッ
뱈	ベク
뱉	ベッ
뱊	ベプ
뱋	ベッ
뱌	ビャ
뱍	ビャク
뱎	ビャク
뱏	ビャク
뱐	ビャン
뱑	ビャン
뱒	ビャン
뱓	ビャッ
뱔	ビャル
뱕	ビャク
뱖	ビャム
뱗	ビャル
뱘	ビャル
뱙	ビャル
뱚	ビャプ
뱛	ビャル
뱜	ビャム
뱝	ビャプ
뱞	ビャプ
뱟	ビャッ
뱠	ビャッ
뱡	ビャン
뱢	ビャッ
뱣	ビャッ
뱤	ビャク
뱥	ビャッ
뱦	ビャプ
뱧	ビャッ
뱨	ビェ
뱩	ビェク
뱪	ビェク
뱫	ビェク
뱬	ビェン
뱭	ビェン
뱮	ビェン
뱯	ビェッ
뱰	ビェル
뱱	ビェク
뱲	ビェム
뱳	ビェル
뱴	ビェル
뱵	ビェル
뱶	ビェプ
뱷	ビェル
뱸	ビェム
뱹	ビェプ
뱺	ビェプ
뱻	ビェッ
뱼	ビェッ
뱽	ビェン
뱾	ビェッ
뱿	ビェッ
벀	ビェク
벁	ビェッ
벂	ビェプ
벃	ビェッ
버	ボ
벅	ボク
벆	ボク
벇	ボク
번	ボン
벉	ボン
벊	ボン
벋	ボッ
벌	ボル
벍	ボク
벎	ボム
벏	ボル
벐	ボル
벑	ボル
벒	ボプ
벓	ボル
범	ボム
법	ボプ
벖	ボプ
벗	ボッ
벘	ボッ
벙	ボン
벚	ボッ
벛	ボッ
벜	ボク
벝	ボッ
벞	ボプ
벟	ボッ
베	ベ
벡	ベク
벢	ベク
벣	ベク
벤	ベン
벥	ベン
벦	ベン
벧	ベッ
벨	ベル
벩	ベク
벪	ベム
벫	ベル
벬	ベル
벭	ベル
벮	ベプ
벯	ベル
벰	ベム
벱	ベプ
벲	ベプ
벳	ベッ
벴	ベッ
벵	ベン
벶	ベッ
벷	ベッ
벸	ベク
벹	ベッ
벺	ベプ
벻	ベッ
벼	ビョ
벽	ビョク
벾	ビョク
벿	ビョク
변	ビョン
볁	ビョン
볂	ビョン
볃	ビョッ
별	ビョル
볅	ビョク
볆	ビョム
볇	ビョル
볈	ビョル
볉	ビョル
볊	ビョプ
볋	ビョル
볌	ビョム
볍	ビョプ
볎	ビョプ
볏	ビョッ
볐	ビョッ
병	ビョン
볒	ビョッ
볓	ビョッ
볔	ビョク
볕	ビョッ
볖	ビョプ
볗	ビョッ
볘	ビェ
볙	ビェク
볚	ビェク
볛	ビェク
볜	ビェン
볝	ビェン
볞	ビェン
볟	ビェッ
볠	ビェル
볡	ビェク
볢	ビェム
볣	ビェル
볤	ビェル
볥	ビェル
볦	ビェプ
볧	ビェル
볨	ビェム
볩	ビェプ
볪	ビェプ
볫	ビェッ
볬	ビェッ
볭	ビェン
볮	ビェッ
볯	ビェッ
볰	ビェク
볱	ビェッ
볲	ビェプ
볳	ビェッ
보	ボ
복	ボク
볶	ボク
볷	ボク
본	ボン
볹	ボン
볺	ボン
볻	ボッ
볼	ボル
볽	ボク
볾	ボム
볿	ボル
봀	ボル
봁	ボル
봂	ボプ
봃	ボル
봄	ボム
봅	ボプ
봆	ボプ
봇	ボッ
봈	ボッ
봉	ボン
봊	ボッ
봋	ボッ
봌	ボク
봍	ボッ
봎	ボプ
봏	ボッ
봐	ブァ
봑	ブァク
봒	ブァク
봓	ブァク
봔	ブァン
봕	ブァン
봖	ブァン
봗	ブァッ
봘	ブァル
봙	ブァク
봚	ブァム
봛	ブァル
봜	ブァル
봝	ブァル
봞	ブァプ
봟	ブァル
봠	ブァム
봡	ブァプ
봢	ブァプ
봣	ブァッ
봤	ブァッ
봥	ブァン
봦	ブァッ
봧	ブァッ
봨	ブァク
봩	ブァッ
봪	ブァプ
봫	ブァッ
봬	ブェ
봭	ブェク
봮	ブェク
봯	ブェク
봰	ブェン
봱	ブェン
봲	ブェン
봳	ブェッ
봴	ブェル
봵	ブェク
봶	ブェム
봷	ブェル
봸	ブェル
봹	ブェル
봺	ブェプ
봻	ブェル
봼	ブェム
봽	ブェプ
봾	ブェプ
봿	ブェッ
뵀	ブェッ
뵁	ブェン
뵂	ブェッ
뵃	ブェッ
뵄	ブェク
뵅	ブェッ
뵆	ブェプ
뵇	ブェッ
뵈	ブェ
뵉	ブェク
뵊	ブェク
뵋	ブェク
뵌	ブェン
뵍	ブェン
뵎	ブェン
뵏	ブェッ
뵐	ブェル
뵑	ブェク
뵒	ブェム
뵓	ブェル
뵔	ブェル
뵕	ブェル
뵖	ブェプ
뵗	ブェル
뵘	ブェム
뵙	ブェプ
뵚	ブェプ
뵛	ブェッ
뵜	ブェッ
뵝	ブェン
뵞	ブェッ
뵟	ブェッ
뵠	ブェク
뵡	ブェッ
뵢	ブェプ
뵣	ブェッ
뵤	ビョ
뵥	ビョク
뵦	ビョク
뵧	ビョク
뵨	ビョン
뵩	ビョン
뵪	ビョン
뵫	ビョッ
뵬	ビョル
뵭	ビョク
뵮	ビョム
뵯	ビョル
뵰	ビョル
뵱	ビョル
뵲	ビョプ
뵳	ビョル
뵴	ビョム
뵵	ビョプ
뵶	ビョプ
뵷	ビョッ
뵸	ビョッ
뵹	ビョン
뵺	ビョッ
뵻	ビョッ
뵼	ビョク
뵽	ビョッ
뵾	ビョプ
뵿	ビョッ
부	ブ
북	ブク
붂	ブク
붃	ブク
분	ブン
붅	ブン
붆	ブン
붇	ブッ
불	ブル
붉	ブク
붊	ブム
붋	ブル
붌	ブル
붍	ブル
붎	ブプ
붏	ブル
붐	ブム
붑	ブプ
붒	ブプ
붓	ブッ
붔	ブッ
붕	ブン
붖	ブッ
붗	ブッ
붘	ブク
붙	ブッ
붚	ブプ
붛	ブッ
붜	ブォ
붝	ブォク
붞	ブォク
붟	ブォク
붠	ブォン
붡	ブォン
붢	ブォン
붣	ブォッ
붤	ブォル
붥	ブォク
붦	ブォム
붧	ブォル
붨	ブォル
붩	ブォル
붪	ブォプ
붫	ブォル
붬	ブォム
붭	ブォプ
붮	ブォプ
붯	ブォッ
붰	ブォッ
붱	ブォン
붲	ブォッ
붳	ブォッ
붴	ブォク
붵	ブォッ
붶	ブォプ
붷	ブォッ
붸	ブェ
붹	ブェク
붺	ブェク
붻	ブェク
붼	ブェン
붽	ブェン
붾	ブェン
붿	ブェッ
뷀	ブェル
뷁	ブェク
뷂	ブェム
뷃	ブェル
뷄	ブェル
뷅	ブェル
뷆	ブェプ
뷇	ブェル
뷈	ブェム
뷉	ブェプ
뷊	ブェプ
뷋	ブェッ
뷌	ブェッ
뷍	ブェン
뷎	ブェッ
뷏	ブェッ
뷐	ブェク
뷑	ブェッ
뷒	ブェプ
뷓	ブェッ
뷔	ブィ
뷕	ブィク
뷖	ブィク
뷗	ブィク
뷘	ブィン
뷙	ブィン
뷚	ブィン
뷛	ブィッ
뷜	ブィル
뷝	ブィク
뷞	ブィム
뷟	ブィル
뷠	ブィル
뷡	ブィル
뷢	ブィプ
뷣	ブィル
뷤	ブィム
뷥	ブィプ
뷦	ブィプ
뷧	ブィッ
뷨	ブィッ
뷩	ブィン
뷪	ブィッ
뷫	ブィッ
뷬	ブィク
뷭	ブィッ
뷮	ブィプ
뷯	ブィッ
뷰	ビュ
뷱	ビュク
뷲	ビュク
뷳	ビュク
뷴	ビュン
뷵	ビュン
뷶	ビュン
뷷	ビュッ
뷸	ビュル
뷹	ビュク
뷺	ビュム
뷻	ビュル
뷼	ビュル
뷽	ビュル
뷾	ビュプ
뷿	ビュル
븀	ビュム
븁	ビュプ
븂	ビュプ
븃	ビュッ
븄	ビュッ
븅	ビュン
븆	ビュッ
븇	ビュッ
븈	ビュク
븉	ビュッ
븊	ビュプ
븋	ビュッ
브	ブ
븍	ブク
븎	ブク
븏	ブク
븐	ブン
븑	ブン
븒	ブン
븓	ブッ
블	ブル
븕	ブク
븖	ブム
븗	ブル
븘	ブル
븙	ブル
븚	ブプ
븛	ブル
븜	ブム
븝	ブプ
븞	ブプ
븟	ブッ
븠	ブッ
븡	ブン
븢	ブッ
븣	ブッ
븤	ブク
븥	ブッ
븦	ブプ
븧	ブッ
븨	ビ
븩	ビク
븪	ビク
븫	ビク
븬	ビン
븭	ビン
븮	ビン
븯	ビッ
븰	ビル
븱	ビク
븲	ビム
븳	ビル
븴	ビル
븵	ビル
븶	ビプ
븷	ビル
븸	ビム
븹	ビプ
븺	ビプ
븻	ビッ
븼	ビッ
븽	ビン
븾	ビッ
븿	ビッ
빀	ビク
빁	ビッ
빂	ビプ
빃	ビッ
비	ビ
빅	ビク
빆	ビク
빇	ビク
빈	ビン
빉	ビン
빊	ビン
빋	ビッ
빌	ビル
빍	ビク
빎	ビム
빏	ビル
빐	ビル
빑	ビル
빒	ビプ
빓	ビル
빔	ビム
빕	ビプ
빖	ビプ
빗	ビッ
빘	ビッ
빙	ビン
빚	ビッ
빛	ビッ
빜	ビク
빝	ビッ
빞	ビプ
빟	ビッ
빠	パ
빡	パク
빢	パク
빣	パク
빤	パン
빥	パン
빦	パン
빧	パッ
빨	パル
빩	パク
빪	パム
빫	パル
빬	パル
빭	パル
빮	パプ
빯	パル
빰	パム
빱	パプ
빲	パプ
빳	パッ
빴	パッ
빵	パン
빶	パッ
빷	パッ
빸	パク
빹	パッ
빺	パプ
빻	パッ
빼	ペ
빽	ペク
빾	ペク
빿	ペク
뺀	ペン
뺁	ペン
뺂	ペン
뺃	ペッ
뺄	ペル
뺅	ペク
뺆	ペム
뺇	ペル
뺈	ペル
뺉	ペル
뺊	ペプ
뺋	ペル
뺌	ペム
뺍	ペプ
뺎	ペプ
뺏	ペッ
뺐	ペッ
뺑	ペン
뺒	ペッ
뺓	ペッ
뺔	ペク
뺕	ペッ
뺖	ペプ
뺗	ペッ
뺘	ピャ
뺙	ピャク
뺚	ピャク
뺛	ピャク
뺜	ピャン
뺝	ピャン
뺞	ピャン
뺟	ピャッ
뺠	ピャル
뺡	ピャク
뺢	ピャム
뺣	ピャル
뺤	ピャル
뺥	ピャル
뺦	ピャプ
뺧	ピャル
뺨	ピャム
뺩	ピャプ
뺪	ピャプ
뺫	ピャッ
뺬	ピャッ
뺭	ピャン
뺮	ピャッ
뺯	ピャッ
뺰	ピャク
뺱	ピャッ
뺲	ピャプ
뺳	ピャッ
뺴	ピェ
뺵	ピェク
뺶	ピェク
뺷	ピェク
뺸	ピェン
뺹	ピェン
뺺	ピェン
뺻	ピェッ
뺼	ピェル
뺽	ピェク
뺾	ピェム
뺿	ピェル
뻀	ピェル
뻁	ピェル
뻂	ピェプ
뻃	ピェル
뻄	ピェム
뻅	ピェプ
뻆	ピェプ
뻇	ピェッ
뻈	ピェッ
뻉	ピェン
뻊	ピェッ
뻋	ピェッ
뻌	ピェク
뻍	ピェッ
뻎	ピェプ
뻏	ピェッ
뻐	ポ
뻑	ポク
뻒	ポク
뻓	ポク
뻔	ポン
뻕	ポン
뻖	ポン
뻗	ポッ
뻘	ポル
뻙	ポク
뻚	ポム
뻛	ポル
뻜	ポル
뻝	ポル
뻞	ポプ
뻟	ポル
뻠	ポム
뻡	ポプ
뻢	ポプ
뻣	ポッ
뻤	ポッ
뻥	ポン
뻦	ポッ
뻧	ポッ
뻨	ポク
뻩	ポッ
뻪	ポプ
뻫	ポッ
뻬	ペ
뻭	ペク
뻮	ペク
뻯	ペク
뻰	ペン
뻱	ペン
뻲	ペン
뻳	ペッ
뻴	ペル
뻵	ペク
뻶	ペム
뻷	ペル
뻸	ペル
뻹	ペル
뻺	ペプ
뻻	ペル
뻼	ペム
뻽	ペプ
뻾	ペプ
뻿	ペッ
뼀	ペッ
뼁	ペン
뼂	ペッ
뼃	ペッ
뼄	ペク
뼅	ペッ
뼆	ペプ
뼇	ペッ
뼈	ピョ
뼉	ピョク
뼊	ピョク
뼋	ピョク
뼌	ピョン
뼍	ピョン
뼎	ピョン
뼏	ピョッ
뼐	ピョル
뼑	ピョク
뼒	ピョム
뼓	ピョル
뼔	ピョル
뼕	ピョル
뼖	ピョプ
뼗	ピョル
뼘	ピョム
뼙	ピョプ
뼚	ピョプ
뼛	ピョッ
뼜	ピョッ
뼝	ピョン
뼞	ピョッ
뼟	ピョッ
뼠	ピョク
뼡	ピョッ
뼢	ピョプ
뼣	ピョッ
뼤	ピェ
뼥	ピェク
뼦	ピェク
뼧	ピェク
뼨	ピェン
뼩	ピェン
뼪	ピェン
뼫	ピェッ
뼬	ピェル
뼭	ピェク
뼮	ピェム
뼯	ピェル
뼰	ピェル
뼱	ピェル
뼲	ピェプ
뼳	ピェル
뼴	ピェム
뼵	ピェプ
뼶	ピェプ
뼷	ピェッ
뼸	ピェッ
뼹	ピェン
뼺	ピェッ
뼻	ピェッ
뼼	ピェク
뼽	ピェッ
뼾	ピェプ
뼿	ピェッ
뽀	ポ
뽁	ポク
뽂	ポク
뽃	ポク
뽄	ポン
뽅	ポン
뽆	ポン
뽇	ポッ
뽈	ポル
뽉	ポク
뽊	ポム
뽋	ポル
뽌	ポル
뽍	ポル
뽎	ポプ
뽏	ポル
뽐	ポム
뽑	ポプ
뽒	ポプ
뽓	ポッ
뽔	ポッ
뽕	ポン
뽖	ポッ
뽗	ポッ
뽘	ポク
뽙	ポッ
뽚	ポプ
뽛	ポッ
뽜	プァ
뽝	プァク
뽞	プァク
뽟	プァク
뽠	プァン
뽡	プァン
뽢	プァン
뽣	プァッ
뽤	プァル
뽥	プァク
뽦	プァム
뽧	プァル
뽨	プァル
뽩	プァル
뽪	プァプ
뽫	プァル
뽬	プァム
뽭	プァプ
뽮	プァプ
뽯	プァッ
뽰	プァッ
뽱	プァン
뽲	プァッ
뽳	プァッ
뽴	プァク
뽵	プァッ
뽶	プァプ
뽷	プァッ
뽸	プェ
뽹	プェク
뽺	プェク
뽻	プェク
뽼	プェン
뽽	プェン
뽾	プェン
뽿	プェッ
뾀	プェル
뾁	プェク
뾂	プェム
뾃	プェル
뾄	プェル
뾅	プェル
뾆	プェプ
뾇	プェル
뾈	プェム
뾉	プェプ
뾊	プェプ
뾋	プェッ
뾌	プェッ
뾍	プェン
뾎	プェッ
뾏	プェッ
뾐	プェク
뾑	プェッ
뾒	プェプ
뾓	プェッ
뾔	プェ
뾕	プェク
뾖	プェク
뾗	プェク
뾘	プェン
뾙	プェン
뾚	プェン
뾛	プェッ
뾜	プェル
뾝	プェク
뾞	プェム
뾟	プェル
뾠	プェル
뾡	プェル
뾢	プェプ
뾣	プェル
뾤	プェム
뾥	プェプ
뾦	プェプ
뾧	プェッ
뾨	プェッ
뾩	プェン
뾪	プェッ
뾫	プェッ
뾬	プェク
뾭	プェッ
뾮	プェプ
뾯	プェッ
뾰	ピョ
뾱	ピョク
뾲	ピョク
뾳	ピョク
뾴	ピョン
뾵	ピョン
뾶	ピョン
뾷	ピョッ
뾸	ピョル
뾹	ピョク
뾺	ピョム
뾻	ピョル
뾼	ピョル
뾽	ピョル
뾾	ピョプ
뾿	ピョル
뿀	ピョム
뿁	ピョプ
뿂	ピョプ
뿃	ピョッ
뿄	ピョッ
뿅	ピョン
뿆	ピョッ
뿇	ピョッ
뿈	ピョク
뿉	ピョッ
뿊	ピョプ
뿋	ピョッ
뿌	プ
뿍	プク
뿎	プク
뿏	プク
뿐	プン
뿑	プン
뿒	プン
뿓	プッ
뿔	プル
뿕	プク
뿖	プム
뿗	プル
뿘	プル
뿙	プル
뿚	ププ
뿛	プル
뿜	プム
뿝	ププ
뿞	ププ
뿟	プッ
뿠	プッ
뿡	プン
뿢	プッ
뿣	プッ
뿤	プク
뿥	プッ
뿦	ププ
뿧	プッ
뿨	プォ
뿩	プォク
뿪	プォク
뿫	プォク
뿬	プォン
뿭	プォン
뿮	プォン
뿯	プォッ
뿰	プォル
뿱	プォク
뿲	プォム
뿳	プォル
뿴	プォル
뿵	プォル
뿶	プォプ
뿷	プォル
뿸	プォム
뿹	プォプ
뿺	プォプ
뿻	プォッ
뿼	プォッ
뿽	プォン
뿾	プォッ
뿿	プォッ
쀀	プォク
쀁	プォッ
쀂	プォプ
쀃	プォッ
쀄	プェ
쀅	プェク
쀆	プェク
쀇	プェク
쀈	プェン
쀉	プェン
쀊	プェン
쀋	プェッ
쀌	プェル
쀍	プェク
쀎	プェム
쀏	プェル
쀐	プェル
쀑	プェル
쀒	プェプ
쀓	プェル
쀔	プェム
쀕	プェプ
쀖	プェプ
쀗	プェッ
쀘	プェッ
쀙	プェン
쀚	プェッ
쀛	プェッ
쀜	プェク
쀝	プェッ
쀞	プェプ
쀟	プェッ
쀠	プィ
쀡	プィク
쀢	プィク
쀣	プィク
쀤	プィン
쀥	プィン
쀦	プィン
쀧	プィッ
쀨	プィル
쀩	プィク
쀪	プィム
쀫	プィル
쀬	プィル
쀭	プィル
쀮	プィプ
쀯	プィル
쀰	プィム
쀱	プィプ
쀲	プィプ
쀳	プィッ
쀴	プィッ
쀵	プィン
쀶	プィッ
쀷	プィッ
쀸	プィク
쀹	プィッ
쀺	プィプ
쀻	プィッ
쀼	ピュ
쀽	ピュク
쀾	ピュク
쀿	ピュク
쁀	ピュン
쁁	ピュン
쁂	ピュン
쁃	ピュッ
쁄	ピュル
쁅	ピュク
쁆	ピュム
쁇	ピュル
쁈	ピュル
쁉	ピュル
쁊	ピュプ
쁋	ピュル
쁌	ピュム
쁍	ピュプ
쁎	ピュプ
쁏	ピュッ
쁐	ピュッ
쁑	ピュン
쁒	ピュッ
쁓	ピュッ
쁔	ピュク
쁕	ピュッ
쁖	ピュプ
쁗	ピュッ
쁘	プ
쁙	プク
쁚	プク
쁛	プク
쁜	プン
쁝	プン
쁞	プン
쁟	プッ
쁠	プル
쁡	プク
쁢	プム
쁣	プル
쁤	プル
쁥	プル
쁦	ププ
쁧	プル
쁨	プム
쁩	ププ
쁪	ププ
쁫	プッ
쁬	プッ
쁭	プン
쁮	プッ
쁯	プッ
쁰	プク
쁱	プッ
쁲	ププ
쁳	プッ
쁴	ピ
쁵	ピク
쁶	ピク
쁷	ピク
쁸	ピン
쁹	ピン
쁺	ピン
쁻	ピッ
쁼	ピル
쁽	ピク
쁾	ピム
쁿	ピル
삀	ピル
삁	ピル
삂	ピプ
삃	ピル
삄	ピム
삅	ピプ
삆	ピプ
삇	ピッ
삈	ピッ
삉	ピン
삊	ピッ
삋	ピッ
삌	ピク
삍	ピッ
삎	ピプ
삏	ピッ
삐	ピ
삑	ピク
삒	ピク
삓	ピク
삔	ピン
삕	ピン
삖	ピン
삗	ピッ
삘	ピル
삙	ピク
삚	ピム
삛	ピル
삜	ピル
삝	ピル
삞	ピプ
삟	ピル
삠	ピム
삡	ピプ
삢	ピプ
삣	ピッ
삤	ピッ
삥	ピン
삦	ピッ
삧	ピッ
삨	ピク
삩	ピッ
삪	ピプ
삫	ピッ
사	サ
삭	サク
삮	サク
삯	サク
산	サン
삱	サン
삲	サン
삳	サッ
살	サル
삵	サク
삶	サム
삷	サル
삸	サル
삹	サル
삺	サプ
삻	サル
삼	サム
삽	サプ
삾	サプ
삿	サッ
샀	サッ
상	サン
샂	サッ
샃	サッ
샄	サク
샅	サッ
샆	サプ
샇	サッ
새	セ
색	セク
샊	セク
샋	セク
샌	セン
샍	セン
샎	セン
샏	セッ
샐	セル
샑	セク
샒	セム
샓	セル
샔	セル
샕	セル
샖	セプ
샗	セル
샘	セム
샙	セプ
샚	セプ
샛	セッ
샜	セッ
생	セン
샞	セッ
샟	セッ
샠	セク
샡	セッ
샢	セプ
샣	セッ
샤	シャ
샥	シャク
샦	シャク
샧	シャク
샨	シャン
샩	シャン
샪	シャン
샫	シャッ
샬	シャル
샭	シャク
샮	シャム
샯	シャル
샰	シャル
샱	シャル
샲	シャプ
샳	シャル
샴	シャム
샵	シャプ
샶	シャプ
샷	シャッ
샸	シャッ
샹	シャン
샺	シャッ
샻	シャッ
샼	シャク
샽	シャッ
샾	シャプ
샿	シャッ
섀	シェ
섁	シェク
섂	シェク
섃	シェク
섄	シェン
섅	シェン
섆	シェン
섇	シェッ
섈	シェル
섉	シェク
섊	シェム
섋	シェル
섌	シェル
섍	シェル
섎	シェプ
섏	シェル
섐	シェム
섑	シェプ
섒	シェプ
섓	シェッ
섔	シェッ
섕	シェン
섖	シェッ
섗	シェッ
섘	シェク
섙	シェッ
섚	シェプ
섛	シェッ
서	ソ
석	ソク
섞	ソク
섟	ソク
선	ソン
섡	ソン
섢	ソン
섣	ソッ
설	ソル
섥	ソク
섦	ソム
섧	ソル
섨	ソル
섩	ソル
섪	ソプ
섫	ソル
섬	ソム
섭	ソプ
섮	ソプ
섯	ソッ
섰	ソッ
성	ソン
섲	ソッ
섳	ソッ
섴	ソク
섵	ソッ
섶	ソプ
섷	ソッ
세	セ
섹	セク
섺	セク
섻	セク
센	セン
섽	セン
섾	セン
섿	セッ
셀	セル
셁	セク
셂	セム
셃	セル
셄	セル
셅	セル
셆	セプ
셇	セル
셈	セム
셉	セプ
셊	セプ
셋	セッ
셌	セッ
셍	セン
셎	セッ
셏	セッ
셐	セク
셑	セッ
셒	セプ
셓	セッ
셔	ショ
셕	ショク
셖	ショク
셗	ショク
션	ション
셙	ション
셚	ション
셛	ショッ
셜	ショル
셝	ショク
셞	ショム
셟	ショル
셠	ショル
셡	ショル
셢	ショプ
셣	ショル
셤	ショム
셥	ショプ
셦	ショプ
셧	ショッ
셨	ショッ
셩	ション
셪	ショッ
셫	ショッ
셬	ショク
셭	ショッ
셮	ショプ
셯	ショッ
셰	シェ
셱	シェク
셲	シェク
셳	シェク
셴	シェン
셵	シェン
셶	シェン
셷	シェッ
셸	シェル
셹	シェク
셺	シェム
셻	シェル
셼	シェル
셽	シェル
셾	シェプ
셿	シェル
솀	シェム
솁	シェプ
솂	シェプ
솃	シェッ
솄	シェッ
솅	シェン
솆	シェッ
솇	シェッ
솈	シェク
솉	シェッ
솊	シェプ
솋	シェッ
소	ソ
속	ソク
솎	ソク
솏	ソク
손	ソン
솑	ソン
솒	ソン
솓	ソッ
솔	ソル
솕	ソク
솖	ソム
솗	ソル
솘	ソル
솙	ソル
솚	ソプ
솛	ソル
솜	ソム
솝	ソプ
솞	ソプ
솟	ソッ
솠	ソッ
송	ソン
솢	ソッ
솣	ソッ
솤	ソク
솥	ソッ
솦	ソプ
솧	ソッ
솨	スァ
솩	スァク
솪	スァク
솫	スァク
솬	スァン
솭	スァン
솮	スァン
솯	スァッ
솰	スァル
솱	スァク
솲	スァム
솳	スァル
솴	スァル
솵	スァル
솶	スァプ
솷	スァル
솸	スァム
솹	スァプ
솺	スァプ
솻	スァッ
솼	スァッ
솽	スァン
솾	スァッ
솿	スァッ
쇀	スァク
쇁	スァッ
쇂	スァプ
쇃	スァッ
쇄	スェ
쇅	スェク
쇆	スェク
쇇	スェク
쇈	スェン
쇉	スェン
쇊	スェン
쇋	スェッ
쇌	スェル
쇍	スェク
쇎	スェム
쇏	スェル
쇐	スェル
쇑	スェル
쇒	スェプ
쇓	スェル
쇔	スェム
쇕	スェプ
쇖	スェプ
쇗	スェッ
쇘	スェッ
쇙	スェン
쇚	スェッ
쇛	スェッ
쇜	スェク
쇝	スェッ
쇞	スェプ
쇟	スェッ
쇠	スェ
쇡	スェク
쇢	スェク
쇣	スェク
쇤	スェン
쇥	スェン
쇦	スェン
쇧	スェッ
쇨	スェル
쇩	スェク
쇪	スェム
쇫	スェル
쇬	スェル
쇭	スェル
쇮	スェプ
쇯	スェル
쇰	スェム
쇱	スェプ
쇲	スェプ
쇳	スェッ
쇴	スェッ
쇵	スェン
쇶	スェッ
쇷	スェッ
쇸	スェク
쇹	スェッ
쇺	スェプ
쇻	スェッ
쇼	ショ
쇽	ショク
쇾	ショク
쇿	ショク
숀	ション
숁	ション
숂	ション
숃	ショッ
숄	ショル
숅	ショク
숆	ショム
숇	ショル
숈	ショル
숉	ショル
숊	ショプ
숋	ショル
숌	ショム
숍	ショプ
숎	ショプ
숏	ショッ
숐	ショッ
숑	ション
숒	ショッ
숓	ショッ
숔	ショク
숕	ショッ
숖	ショプ
숗	ショッ
수	ス
숙	スク
숚	スク
숛	スク
순	スン
숝	スン
숞	スン
숟	スッ
술	スル
숡	スク
숢	スム
숣	スル
숤	スル
숥	スル
숦	スプ
숧	スル
숨	スム
숩	スプ
숪	スプ
숫	スッ
숬	スッ
숭	スン
숮	スッ
숯	スッ
숰	スク
숱	スッ
숲	スプ
숳	スッ
숴	スォ
숵	スォク
숶	スォク
숷	スォク
숸	スォン
숹	スォン
숺	スォン
숻	スォッ
숼	スォル
숽	スォク
숾	スォム
숿	スォル
쉀	スォル
쉁	スォル
쉂	スォプ
쉃	スォル
쉄	スォム
쉅	スォプ
쉆	スォプ
쉇	スォッ
쉈	スォッ
쉉	スォン
쉊	スォッ
쉋	スォッ
쉌	スォク
쉍	スォッ
쉎	スォプ
쉏	スォッ
쉐	スェ
쉑	スェク
쉒	スェク
쉓	スェク
쉔	スェン
쉕	スェン
쉖	スェン
쉗	スェッ
쉘	スェル
쉙	スェク
쉚	スェム
쉛	スェル
쉜	スェル
쉝	スェル
쉞	スェプ
쉟	スェル
쉠	スェム
쉡	スェプ
쉢	スェプ
쉣	スェッ
쉤	スェッ
쉥	スェン
쉦	スェッ
쉧	スェッ
쉨	スェク
쉩	スェッ
쉪	スェプ
쉫	スェッ
쉬	スィ
쉭	スィク
쉮	スィク
쉯	スィク
쉰	スィン
쉱	スィン
쉲	スィン
쉳	スィッ
쉴	スィル
쉵	スィク
쉶	スィム
쉷	スィル
쉸	スィル
쉹	スィル
쉺	スィプ
쉻	スィル
쉼	スィム
쉽	スィプ
쉾	スィプ
쉿	スィッ
슀	スィッ
슁	スィン
슂	スィッ
슃	スィッ
슄	スィク
슅	スィッ
슆	スィプ
슇	スィッ
슈	シュ
슉	シュク
슊	シュク
슋	シュク
슌	シュン
슍	シュン
슎	シュン
슏	シュッ
슐	シュル
슑	シュク
슒	シュム
슓	シュル
슔	シュル
슕	シュル
슖	シュプ
슗	シュル
슘	シュム
슙	シュプ
슚	シュプ
슛	シュッ
슜	シュッ
슝	シュン
슞	シュッ
슟	シュッ
슠	シュク
슡	シュッ
슢	シュプ
슣	シュッ
스	ス
슥	スク
슦	スク
슧	スク
슨	スン
슩	スン
슪	スン
슫	スッ
슬	スル
슭	スク
슮	スム
슯	スル
슰	スル
슱	スル
슲	スプ
슳	スル
슴	スム
습	スプ
슶	スプ
슷	スッ
슸	スッ
승	スン
슺	スッ
슻	スッ
슼	スク
슽	スッ
슾	スプ
슿	スッ
싀	シ
싁	シク
싂	シク
싃	シク
싄	シン
싅	シン
싆	シン
싇	シッ
싈	シル
싉	シク
싊	シム
싋	シル
싌	シル
싍	シル
싎	シプ
싏	シル
싐	シム
싑	シプ
싒	シプ
싓	シッ
싔	シッ
싕	シン
싖	シッ
싗	シッ
싘	シク
싙	シッ
싚	シプ
싛	シッ
시	シ
식	シク
싞	シク
싟	シク
신	シン
싡	シン
싢	シン
싣	シッ
실	シル
싥	シク
싦	シム
싧	シル
싨	シル
싩	シル
싪	シプ
싫	シル
심	シム
십	シプ
싮	シプ
싯	シッ
싰	シッ
싱	シン
싲	シッ
싳	シッ
싴	シク
싵	シッ
싶	シプ
싷	シッ
싸	サ
싹	サク
싺	サク
싻	サク
싼	サン
싽	サン
싾	サン
싿	サッ
쌀	サル
쌁	サク
쌂	サム
쌃	サル
쌄	サル
쌅	サル
쌆	サプ
쌇	サル
쌈	サム
쌉	サプ
쌊	サプ
쌋	サッ
쌌	サッ
쌍	サン
쌎	サッ
쌏	サッ
쌐	サク
쌑	サッ
쌒	サプ
쌓	サッ
쌔	セ
쌕	セク
쌖	セク
쌗	セク
쌘	セン
쌙	セン
쌚	セン
쌛	セッ
쌜	セル
쌝	セク
쌞	セム
쌟	セル
쌠	セル
쌡	セル
쌢	セプ
쌣	セル
쌤	セム
쌥	セプ
쌦	セプ
쌧	セッ
쌨	セッ
쌩	セン
쌪	セッ
쌫	セッ
쌬	セク
쌭	セッ
쌮	セプ
쌯	セッ
쌰	シャ
쌱	シャク
쌲	シャク
쌳	シャク
쌴	シャン
쌵	シャン
쌶	シャン
쌷	シャッ
쌸	シャル
쌹	シャク
쌺	シャム
쌻	シャル
쌼	シャル
쌽	シャル
쌾	シャプ
쌿	シャル
썀	シャム
썁	シャプ
썂	シャプ
썃	シャッ
썄	シャッ
썅	シャン
썆	シャッ
썇	シャッ
썈	シャク
썉	シャッ
썊	シャプ
썋	シャッ
썌	シェ
썍	シェク
썎	シェク
썏	シェク
썐	シェン
썑	シェン
썒	シェン
썓	シェッ
썔	シェル
썕	シェク
썖	シェム
썗	シェル
썘	シェル
썙	シェル
썚	シェプ
썛	シェル
썜	シェム
썝	シェプ
썞	シェプ
썟	シェッ
썠	シェッ
썡	シェン
썢	シェッ
썣	シェッ
썤	シェク
썥	シェッ
썦	シェプ
썧	シェッ
써	ソ
썩	ソク
썪	ソク
썫	ソク
썬	ソン
썭	ソン
썮	ソン
썯	ソッ
썰	ソル
썱	ソク
썲	ソム
썳	ソル
썴	ソル
썵	ソル
썶	ソプ
썷	ソル
썸	ソム
썹	ソプ
썺	ソプ
썻	ソッ
썼	ソッ
썽	ソン
썾	ソッ
썿	ソッ
쎀	ソク
쎁	ソッ
쎂	ソプ
쎃	ソッ
쎄	セ
쎅	セク
쎆	セク
쎇	セク
쎈	セン
쎉	セン
쎊	セン
쎋	セッ
쎌	セル
쎍	セク
쎎	セム
쎏	セル
쎐	セル
쎑	セル
쎒	セプ
쎓	セル
쎔	セム
쎕	セプ
쎖	セプ
쎗	セッ
쎘	セッ
쎙	セン
쎚	セッ
쎛	セッ
쎜	セク
쎝	セッ
쎞	セプ
쎟	セッ
쎠	ショ
쎡	ショク
쎢	ショク
쎣	ショク
쎤	ション
쎥	ション
쎦	ション
쎧	ショッ
쎨	ショル
쎩	ショク
쎪	ショム
쎫	ショル
쎬	ショル
쎭	ショル
쎮	ショプ
쎯	ショル
쎰	ショム
쎱	ショプ
쎲	ショプ
쎳	ショッ
쎴	ショッ
쎵	ション
쎶	ショッ
쎷	ショッ
쎸	ショク
쎹	ショッ
쎺	ショプ
쎻	ショッ
쎼	シェ
쎽	シェク
쎾	シェク
쎿	シェク
쏀	シェン
쏁	シェン
쏂	シェン
쏃	シェッ
쏄	シェル
쏅	シェク
쏆	シェム
쏇	シェル
쏈	シェル
쏉	シェル
쏊	シェプ
쏋	シェル
쏌	シェム
쏍	シェプ
쏎	シェプ
쏏	シェッ
쏐	シェッ
쏑	シェン
쏒	シェッ
쏓	シェッ
쏔	シェク
쏕	シェッ
쏖	シェプ
쏗	シェッ
쏘	ソ
쏙	ソク
쏚	ソク
쏛	ソク
쏜	ソン
쏝	ソン
쏞	ソン
쏟	ソッ
쏠	ソル
쏡	ソク
쏢	ソム
쏣	ソル
쏤	ソル
쏥	ソル
쏦	ソプ
쏧	ソル
쏨	ソム
쏩	ソプ
쏪	ソプ
쏫	ソッ
쏬	ソッ
쏭	ソン
쏮	ソッ
쏯	ソッ
쏰	ソク
쏱	ソッ
쏲	ソプ
쏳	ソッ
쏴	スァ
쏵	スァク
쏶	スァク
쏷	スァク
쏸	スァン
쏹	スァン
쏺	スァン
쏻	スァッ
쏼	スァル
쏽	スァク
쏾	スァム
쏿	スァル
쐀	スァル
쐁	スァル
쐂	スァプ
쐃	スァル
쐄	スァム
쐅	スァプ
쐆	スァプ
쐇	スァッ
쐈	スァッ
쐉	スァン
쐊	スァッ
쐋	スァッ
쐌	スァク
쐍	スァッ
쐎	スァプ
쐏	スァッ
쐐	スェ
쐑	スェク
쐒	スェク
쐓	スェク
쐔	スェン
쐕	スェン
쐖	スェン
쐗	スェッ
쐘	スェル
쐙	スェク
쐚	スェム
쐛	スェル
쐜	スェル
쐝	スェル
쐞	スェプ
쐟	スェル
쐠	スェム
쐡	スェプ
쐢	スェプ
쐣	スェッ
쐤	スェッ
쐥	スェン
쐦	スェッ
쐧	スェッ
쐨	スェク
쐩	スェッ
쐪	スェプ
쐫	スェッ
쐬	スェ
쐭	スェク
쐮	スェク
쐯	スェク
쐰	スェン
쐱	スェン
쐲	スェン
쐳	スェッ
쐴	スェル
쐵	スェク
쐶	スェム
쐷	スェル
쐸	スェル
쐹	スェル
쐺	スェプ
쐻	スェル
쐼	スェム
쐽	スェプ
쐾	スェプ
쐿	スェッ
쑀	スェッ
쑁	スェン
쑂	スェッ
쑃	スェッ
쑄	スェク
쑅	スェッ
쑆	スェプ
쑇	スェッ
쑈	ショ
쑉	ショク
쑊	ショク
쑋	ショク
쑌	ション
쑍	ション
쑎	ション
쑏	ショッ
쑐	ショル
쑑	ショク
쑒	ショム
쑓	ショル
쑔	ショル
쑕	ショル
쑖	ショプ
쑗	ショル
쑘	ショム
쑙	ショプ
쑚	ショプ
쑛	ショッ
쑜	ショッ
쑝	ション
쑞	ショッ
쑟	ショッ
쑠	ショク
쑡	ショッ
쑢	ショプ
쑣	ショッ
쑤	ス
쑥	スク
쑦	スク
쑧	スク
쑨	スン
쑩	スン
쑪	スン
쑫	スッ
쑬	スル
쑭	スク
쑮	スム
쑯	スル
쑰	スル
쑱	スル
쑲	スプ
쑳	スル
쑴	スム
쑵	スプ
쑶	スプ
쑷	スッ
쑸	スッ
쑹	スン
쑺	スッ
쑻	スッ
쑼	スク
쑽	スッ
쑾	スプ
쑿	スッ
쒀	スォ
쒁	スォク
쒂	スォク
쒃	スォク
쒄	スォン
쒅	スォン
쒆	スォン
쒇	スォッ
쒈	スォル
쒉	スォク
쒊	スォム
쒋	スォル
쒌	スォル
쒍	スォル
쒎	スォプ
쒏	スォル
쒐	スォム
쒑	スォプ
쒒	スォプ
쒓	スォッ
쒔	スォッ
쒕	スォン
쒖	スォッ
쒗	スォッ
쒘	スォク
쒙	スォッ
쒚	スォプ
쒛	スォッ
쒜	スェ
쒝	スェク
쒞	スェク
쒟	スェク
쒠	スェン
쒡	スェン
쒢	スェン
쒣	スェッ
쒤	スェル
쒥	スェク
쒦	スェム
쒧	スェル
쒨	スェル
쒩	スェル
쒪	スェプ
쒫	スェル
쒬	スェム
쒭	スェプ
쒮	スェプ
쒯	スェッ
쒰	スェッ
쒱	スェン
쒲	スェッ
쒳	スェッ
쒴	スェク
쒵	スェッ
쒶	スェプ
쒷	スェッ
쒸	スィ
쒹	スィク
쒺	スィク
쒻	スィク
쒼	スィン
쒽	スィン
쒾	スィン
쒿	スィッ
쓀	スィル
쓁	スィク
쓂	スィム
쓃	スィル
쓄	スィル
쓅	スィル
쓆	スィプ
쓇	スィル
쓈	スィム
쓉	スィプ
쓊	スィプ
쓋	スィッ
쓌	スィッ
쓍	スィン
쓎	スィッ
쓏	スィッ
쓐	スィク
쓑	スィッ
쓒	スィプ
쓓	スィッ
쓔	シュ
쓕	シュク
쓖	シュク
쓗	シュク
쓘	シュン
쓙	シュン
쓚	シュン
쓛	シュッ
쓜	シュル
쓝	シュク
쓞	シュム
쓟	シュル
쓠	シュル
쓡	シュル
쓢	シュプ
쓣	シュル
쓤	シュム
쓥	シュプ
쓦	シュプ
쓧	シュッ
쓨	シュッ
쓩	シュン
쓪	シュッ
쓫	シュッ
쓬	シュク
쓭	シュッ
쓮	シュプ
쓯	シュッ
쓰	ス
쓱	スク
쓲	スク
쓳	スク
쓴	スン
쓵	スン
쓶	スン
쓷	スッ
쓸	スル
쓹	スク
쓺	スム
쓻	スル
쓼	スル
쓽	スル
쓾	スプ
쓿	スル
씀	スム
씁	スプ
씂	スプ
씃	スッ
씄	スッ
씅	スン
씆	スッ
씇	スッ
씈	スク
씉	スッ
씊	スプ
씋	スッ
씌	シ
씍	シク
씎	シク
씏	シク
씐	シン
씑	シン
씒	シン
씓	シッ
씔	シル
씕	シク
씖	シム
씗	シル
씘	シル
씙	シル
씚	シプ
씛	シル
씜	シム
씝	シプ
씞	シプ
씟	シッ
씠	シッ
씡	シン
씢	シッ
씣	シッ
씤	シク
씥	シッ
씦	シプ
씧	シッ
씨	シ
씩	シク
씪	シク
씫	シク
씬	シン
씭	シン
씮	シン
씯	シッ
씰	シル
씱	シク
씲	シム
씳	シル
씴	シル
씵	シル
씶	シプ
씷	シル
씸	シム
씹	シプ
씺	シプ
씻	シッ
씼	シッ
씽	シン
씾	シッ
씿	シッ
앀	シク
앁	シッ
앂	シプ
앃	シッ
아	ア
악	アク
앆	アク
앇	アク
안	アン
앉	アン
않	アン
앋	アッ
알	アル
앍	アク
앎	アム
앏	アル
앐	アル
앑	アル
앒	アプ
앓	アル
암	アム
압	アプ
앖	アプ
앗	アッ
았	アッ
앙	アン
앚	アッ
앛	アッ
앜	アク
앝	アッ
앞	アプ
앟	アッ
애	エ
액	エク
앢	エク
앣	エク
앤	エン
앥	エン
앦	エン
앧	エッ
앨	エル
앩	エク
앪	エム
앫	エル
앬	エル
앭	エル
앮	エプ
앯	エル
앰	エム
앱	エプ
앲	エプ
앳	エッ
앴	エッ
앵	エン
앶	エッ
앷	エッ
앸	エク
앹	エッ
앺	エプ
앻	エッ
야	ヤ
약	ヤク
앾	ヤク
앿	ヤク
얀	ヤン
얁	ヤン
얂	ヤン
얃	ヤッ
얄	ヤル
얅	ヤク
얆	ヤム
얇	ヤル
얈	ヤル
얉	ヤル
얊	ヤプ
얋	ヤル
얌	ヤム
얍	ヤプ
얎	ヤプ
얏	ヤッ
얐	ヤッ
양	ヤン
얒	ヤッ
얓	ヤッ
얔	ヤク
얕	ヤッ
얖	ヤプ
얗	ヤッ
얘	イェ
얙	イェク
얚	イェク
얛	イェク
얜	イェン
얝	イェン
얞	イェン
얟	イェッ
얠	イェル
얡	イェク
얢	イェム
얣	イェル
얤	イェル
얥	イェル
얦	イェプ
얧	イェル
얨	イェム
얩	イェプ
얪	イェプ
얫	イェッ
얬	イェッ
얭	イェン
얮	イェッ
얯	イェッ
얰	イェク
얱	イェッ
얲	イェプ
얳	イェッ
어	オ
억	オク
얶	オク
얷	オク
언	オン
얹	オン
얺	オン
얻	オッ
얼	オル
얽	オク
얾	オム
얿	オル
엀	オル
엁	オル
엂	オプ
엃	オル
엄	オム
업	オプ
없	オプ
엇	オッ
었	オッ
엉	オン
엊	オッ
엋	オッ
엌	オク
엍	オッ
엎	オプ
엏	オッ
에	エ
엑	エク
엒	エク
엓	エク
엔	エン
엕	エン
엖	エン
엗	エッ
엘	エル
엙	エク
엚	エム
엛	エル
엜	エル
엝	エル
엞	エプ
엟	エル
엠	エム
엡	エプ
엢	エプ
엣	エッ
엤	エッ
엥	エン
엦	エッ
엧	エッ
엨	エク
엩	エッ
엪	エプ
엫	エッ
여	ヨ
역	ヨク
엮	ヨク
엯	ヨク
연	ヨン
엱	ヨン
엲	ヨン
엳	ヨッ
열	ヨル
엵	ヨク
엶	ヨム
엷	ヨル
엸	ヨル
엹	ヨル
엺	ヨプ
엻	ヨル
염	ヨム
엽	ヨプ
엾	ヨプ
엿	ヨッ
였	ヨッ
영	ヨン
옂	ヨッ
옃	ヨッ
옄	ヨク
옅	ヨッ
옆	ヨプ
옇	ヨッ
예	イェ
옉	イェク
옊	イェク
옋	イェク
옌	イェン
옍	イェン
옎	イェン
옏	イェッ
옐	イェル
옑	イェク
옒	イェム
옓	イェル
옔	イェル
옕	イェル
옖	イェプ
옗	イェル
옘	イェム
옙	イェプ
옚	イェプ
옛	イェッ
옜	イェッ
옝	イェン
옞	イェッ
옟	イェッ
옠	イェク
옡	イェッ
옢	イェプ
옣	イェッ
오	オ
옥	オク
옦	オク
옧	オク
온	オン
옩	オン
옪	オン
옫	オッ
올	オル
옭	オク
옮	オム
옯	オル
옰	オル
옱	オル
옲	オプ
옳	オル
옴	オム
옵	オプ
옶	オプ
옷	オッ
옸	オッ
옹	オン
옺	オッ
옻	オッ
옼	オク
옽	オッ
옾	オプ
옿	オッ
와	ウァ
왁	ウァク
왂	ウァク
왃	ウァク
완	ウァン
왅	ウァン
왆	ウァン
왇	ウァッ
왈	ウァル
왉	ウァク
왊	ウァム
왋	ウァル
왌	ウァル
왍	ウァル
왎	ウァプ
왏	ウァル
왐	ウァム
왑	ウァプ
왒	ウァプ
왓	ウァッ
왔	ウァッ
왕	ウァン
왖	ウァッ
왗	ウァッ
왘	ウァク
왙	ウァッ
왚	ウァプ
왛	ウァッ
왜	ウェ
왝	ウェク
왞	ウェク
왟	ウェク
왠	ウェン
왡	ウェン
왢	ウェン
왣	ウェッ
왤	ウェル
왥	ウェク
왦	ウェム
왧	ウェル
왨	ウェル
왩	ウェル
왪	ウェプ
왫	ウェル
왬	ウェム
왭	ウェプ
왮	ウェプ
왯	ウェッ
왰	ウェッ
왱	ウェン
왲	ウェッ
왳	ウェッ
왴	ウェク
왵	ウェッ
왶	ウェプ
왷	ウェッ
외	ウェ
왹	ウェク
왺	ウェク
왻	ウェク
왼	ウェン
왽	ウェン
왾	ウェン
왿	ウェッ
욀	ウェル
욁	ウェク
욂	ウェム
욃	ウェル
욄	ウェル
욅	ウェル
욆	ウェプ
욇	ウェル
욈	ウェム
욉	ウェプ
욊	ウェプ
욋	ウェッ
욌	ウェッ
욍	ウェン
욎	ウェッ
욏	ウェッ
욐	ウェク
욑	ウェッ
욒	ウェプ
욓	ウェッ
요	ヨ
욕	ヨク
욖	ヨク
욗	ヨク
욘	ヨン
욙	ヨン
욚	ヨン
욛	ヨッ
욜	ヨル
욝	ヨク
욞	ヨム
욟	ヨル
욠	ヨル
욡	ヨル
욢	ヨプ
욣	ヨル
욤	ヨム
욥	ヨプ
욦	ヨプ
욧	ヨッ
욨	ヨッ
용	ヨン
욪	ヨッ
욫	ヨッ
욬	ヨク
욭	ヨッ
욮	ヨプ
욯	ヨッ
우	ウ
욱	ウク
욲	ウク
욳	ウク
운	ウン
욵	ウン
욶	ウン
욷	ウッ
울	ウル
욹	ウク
욺	ウム
욻	ウル
욼	ウル
욽	ウル
욾	ウプ
욿	ウル
움	ウム
웁	ウプ
웂	ウプ
웃	ウッ
웄	ウッ
웅	ウン
웆	ウッ
웇	ウッ
웈	ウク
웉	ウッ
웊	ウプ
웋	ウッ
워	ウォ
웍	ウォク
웎	ウォク
웏	ウォク
원	ウォン
웑	ウォン
웒	ウォン
웓	ウォッ
월	ウォル
웕	ウォク
웖	ウォム
웗	ウォル
웘	ウォル
웙	ウォル
웚	ウォプ
웛	ウォル
웜	ウォム
웝	ウォプ
웞	ウォプ
웟	ウォッ
웠	ウォッ
웡	ウォン
웢	ウォッ
웣	ウォッ
웤	ウォク
웥	ウォッ
웦	ウォプ
웧	ウォッ
웨	ウェ
웩	ウェク
웪	ウェク
웫	ウェク
웬	ウェン
웭	ウェン
웮	ウェン
웯	ウェッ
웰	ウェル
웱	ウェク
웲	ウェム
웳	ウェル
웴	ウェル
웵	ウェル
웶	ウェプ
웷	ウェル
웸	ウェム
웹	ウェプ
웺	ウェプ
웻	ウェッ
웼	ウェッ
웽	ウェン
웾	ウェッ
웿	ウェッ
윀	ウェク
윁	ウェッ
윂	ウェプ
윃	ウェッ
위	ウィ
윅	ウィク
윆	ウィク
윇	ウィク
윈	ウィン
윉	ウィン
윊	ウィン
윋	ウィッ
윌	ウィル
윍	ウィク
윎	ウィム
윏	ウィル
윐	ウィル
윑	ウィル
윒	ウィプ
윓	ウィル
윔	ウィム
윕	ウィプ
윖	ウィプ
윗	ウィッ
윘	ウィッ
윙	ウィン
윚	ウィッ
윛	ウィッ
윜	ウィク
윝	ウィッ
윞	ウィプ
윟	ウィッ
유	ユ
육	ユク
윢	ユク
윣	ユク
윤	ユン
윥	ユン
윦	ユン
윧	ユッ
율	ユル
윩	ユク
윪	ユム
윫	ユル
윬	ユル
윭	ユル
윮	ユプ
윯	ユル
윰	ユム
윱	ユプ
윲	ユプ
윳	ユッ
윴	ユッ
융	ユン
윶	ユッ
윷	ユッ
윸	ユク
윹	ユッ
윺	ユプ
윻	ユッ
으	ウ
윽	ウク
윾	ウク
윿	ウク
은	ウン
읁	ウン
읂	ウン
읃	ウッ
을	ウル
읅	ウク
읆	ウム
읇	ウル
읈	ウル
읉	ウル
읊	ウプ
읋	ウル
음	ウム
읍	ウプ
읎	ウプ
읏	ウッ
읐	ウッ
응	ウン
읒	ウッ
읓	ウッ
읔	ウク
읕	ウッ
읖	ウプ
읗	ウッ
의	イ
읙	イク
읚	イク
읛	イク
읜	イン
읝	イン
읞	イン
읟	イッ
읠	イル
읡	イク
읢	イム
읣	イル
읤	イル
읥	イル
읦	イプ
읧	イル
읨	イム
읩	イプ
읪	イプ
읫	イッ
읬	イッ
읭	イン
읮	イッ
읯	イッ
읰	イク
읱	イッ
읲	イプ
읳	イッ
이	イ
익	イク
읶	イク
읷	イク
인	イン
읹	イン
읺	イン
읻	イッ
일	イル
읽	イク
읾	イム
읿	イル
잀	イル
잁	イル
잂	イプ
잃	イル
임	イム
입	イプ
잆	イプ
잇	イッ
있	イッ
잉	イン
잊	イッ
잋	イッ
잌	イク
잍	イッ
잎	イプ
잏	イッ
자	ザ
작	ザク
잒	ザク
잓	ザク
잔	ザン
잕	ザン
잖	ザン
잗	ザッ
잘	ザル
잙	ザク
잚	ザム
잛	ザル
잜	ザル
잝	ザル
잞	ザプ
잟	ザル
잠	ザム
잡	ザプ
잢	ザプ
잣	ザッ
잤	ザッ
장	ザン
잦	ザッ
잧	ザッ
잨	ザク
잩	ザッ
잪	ザプ
잫	ザッ
재	ゼ
잭	ゼク
잮	ゼク
잯	ゼク
잰	ゼン
잱	ゼン
잲	ゼン
잳	ゼッ
잴	ゼル
잵	ゼク
잶	ゼム
잷	ゼル
잸	ゼル
잹	ゼル
잺	ゼプ
잻	ゼル
잼	ゼム
잽	ゼプ
잾	ゼプ
잿	ゼッ
쟀	ゼッ
쟁	ゼン
쟂	ゼッ
쟃	ゼッ
쟄	ゼク
쟅	ゼッ
쟆	ゼプ
쟇	ゼッ
쟈	ジャ
쟉	ジャク
쟊	ジャク
쟋	ジャク
쟌	ジャン
쟍	ジャン
쟎	ジャン
쟏	ジャッ
쟐	ジャル
쟑	ジャク
쟒	ジャム
쟓	ジャル
쟔	ジャル
쟕	ジャル
쟖	ジャプ
쟗	ジャル
쟘	ジャム
쟙	ジャプ
쟚	ジャプ
쟛	ジャッ
쟜	ジャッ
쟝	ジャン
쟞	ジャッ
쟟	ジャッ
쟠	ジャク
쟡	ジャッ
쟢	ジャプ
쟣	ジャッ
쟤	ジェ
쟥	ジェク
쟦	ジェク
쟧	ジェク
쟨	ジェン
쟩	ジェン
쟪	ジェン
쟫	ジェッ
쟬	ジェル
쟭	ジェク
쟮	ジェム
쟯	ジェル
쟰	ジェル
쟱	ジェル
쟲	ジェプ
쟳	ジェル
쟴	ジェム
쟵	ジェプ
쟶	ジェプ
쟷	ジェッ
쟸	ジェッ
쟹	ジェン
쟺	ジェッ
쟻	ジェッ
쟼	ジェク
쟽	ジェッ
쟾	ジェプ
쟿	ジェッ
저	ゾ
적	ゾク
젂	ゾク
젃	ゾク
전	ゾン
젅	ゾン
젆	ゾン
젇	ゾッ
절	ゾル
젉	ゾク
젊	ゾム
젋	ゾル
젌	ゾル
젍	ゾル
젎	ゾプ
젏	ゾル
점	ゾム
접	ゾプ
젒	ゾプ
젓	ゾッ
젔	ゾッ
정	ゾン
젖	ゾッ
젗	ゾッ
젘	ゾク
젙	ゾッ
젚	ゾプ
젛	ゾッ
제	ゼ
젝	ゼク
젞	ゼク
젟	ゼク
젠	ゼン
젡	ゼン
젢	ゼン
젣	ゼッ
젤	ゼル
젥	ゼク
젦	ゼム
젧	ゼル
젨	ゼル
젩	ゼル
젪	ゼプ
젫	ゼル
젬	ゼム
젭	ゼプ
젮	ゼプ
젯	ゼッ
젰	ゼッ
젱	ゼン
젲	ゼッ
젳	ゼッ
젴	ゼク
젵	ゼッ
젶	ゼプ
젷	ゼッ
져	ジョ
젹	ジョク
젺	ジョク
젻	ジョク
젼	ジョン
젽	ジョン
젾	ジョン
젿	ジョッ
졀	ジョル
졁	ジョク
졂	ジョム
졃	ジョル
졄	ジョル
졅	ジョル
졆	ジョプ
졇	ジョル
졈	ジョム
졉	ジョプ
졊	ジョプ
졋	ジョッ
졌	ジョッ
졍	ジョン
졎	ジョッ
졏	ジョッ
졐	ジョク
졑	ジョッ
졒	ジョプ
졓	ジョッ
졔	ジェ
졕	ジェク
졖	ジェク
졗	ジェク
졘	ジェン
졙	ジェン
졚	ジェン
졛	ジェッ
졜	ジェル
졝	ジェク
졞	ジェム
졟	ジェル
졠	ジェル
졡	ジェル
졢	ジェプ
졣	ジェル
졤	ジェム
졥	ジェプ
졦	ジェプ
졧	ジェッ
졨	ジェッ
졩	ジェン
졪	ジェッ
졫	ジェッ
졬	ジェク
졭	ジェッ
졮	ジェプ
졯	ジェッ
조	ゾ
족	ゾク
졲	ゾク
졳	ゾク
존	ゾン
졵	ゾン
졶	ゾン
졷	ゾッ
졸	ゾル
졹	ゾク
졺	ゾム
졻	ゾル
졼	ゾル
졽	ゾル
졾	ゾプ
졿	ゾル
좀	ゾム
좁	ゾプ
좂	ゾプ
좃	ゾッ
좄	ゾッ
종	ゾン
좆	ゾッ
좇	ゾッ
좈	ゾク
좉	ゾッ
좊	ゾプ
좋	ゾッ
좌	ズァ
좍	ズァク
좎	ズァク
좏	ズァク
좐	ズァン
좑	ズァン
좒	ズァン
좓	ズァッ
좔	ズァル
좕	ズァク
좖	ズァム
좗	ズァル
좘	ズァル
좙	ズァル
좚	ズァプ
좛	ズァル
좜	ズァム
좝	ズァプ
좞	ズァプ
좟	ズァッ
좠	ズァッ
좡	ズァン
좢	ズァッ
좣	ズァッ
좤	ズァク
좥	ズァッ
좦	ズァプ
좧	ズァッ
좨	ズェ
좩	ズェク
좪	ズェク
좫	ズェク
좬	ズェン
좭	ズェン
좮	ズェン
좯	ズェッ
좰	ズェル
좱	ズェク
좲	ズェム
좳	ズェル
좴	ズェル
좵	ズェル
좶	ズェプ
좷	ズェル
좸	ズェム
좹	ズェプ
좺	ズェプ
좻	ズェッ
좼	ズェッ
좽	ズェン
좾	ズェッ
좿	ズェッ
죀	ズェク
죁	ズェッ
죂	ズェプ
죃	ズェッ
죄	ズェ
죅	ズェク
죆	ズェク
죇	ズェク
죈	ズェン
죉	ズェン
죊	ズェン
죋	ズェッ
죌	ズェル
죍	ズェク
죎	ズェム
죏	ズェル
죐	ズェル
죑	ズェル
죒	ズェプ
죓	ズェル
죔	ズェム
죕	ズェプ
죖	ズェプ
죗	ズェッ
죘	ズェッ
죙	ズェン
죚	ズェッ
죛	ズェッ
죜	ズェク
죝	ズェッ
죞	ズェプ
죟	ズェッ
죠	ジョ
죡	ジョク
죢	ジョク
죣	ジョク
죤	ジョン
죥	ジョン
죦	ジョン
죧	ジョッ
죨	ジョル
죩	ジョク
죪	ジョム
죫	ジョル
죬	ジョル
죭	ジョル
죮	ジョプ
죯	ジョル
죰	ジョム
죱	ジョプ
죲	ジョプ
죳	ジョッ
죴	ジョッ
죵	ジョン
죶	ジョッ
죷	ジョッ
죸	ジョク
죹	ジョッ
죺	ジョプ
죻	ジョッ
주	ズ
죽	ズク
죾	ズク
죿	ズク
준	ズン
줁	ズン
줂	ズン
줃	ズッ
줄	ズル
줅	ズク
줆	ズム
줇	ズル
줈	ズル
줉	ズル
줊	ズプ
줋	ズル
줌	ズム
줍	ズプ
줎	ズプ
줏	ズッ
줐	ズッ
중	ズン
줒	ズッ
줓	ズッ
줔	ズク
줕	ズッ
줖	ズプ
줗	ズッ
줘	ズォ
줙	ズォク
줚	ズォク
줛	ズォク
줜	ズォン
줝	ズォン
줞	ズォン
줟	ズォッ
줠	ズォル
줡	ズォク
줢	ズォム
줣	ズォル
줤	ズォル
줥	ズォル
줦	ズォプ
줧	ズォル
줨	ズォム
줩	ズォプ
줪	ズォプ
줫	ズォッ
줬	ズォッ
줭	ズォン
줮	ズォッ
줯	ズォッ
줰	ズォク
줱	ズォッ
줲	ズォプ
줳	ズォッ
줴	ズェ
줵	ズェク
줶	ズェク
줷	ズェク
줸	ズェン
줹	ズェン
줺	ズェン
줻	ズェッ
줼	ズェル
줽	ズェク
줾	ズェム
줿	ズェル
쥀	ズェル
쥁	ズェル
쥂	ズェプ
쥃	ズェル
쥄	ズェム
쥅	ズェプ
쥆	ズェプ
쥇	ズェッ
쥈	ズェッ
쥉	ズェン
쥊	ズェッ
쥋	ズェッ
쥌	ズェク
쥍	ズェッ
쥎	ズェプ
쥏	ズェッ
쥐	ズィ
쥑	ズィク
쥒	ズィク
쥓	ズィク
쥔	ズィン
쥕	ズィン
쥖	ズィン
쥗	ズィッ
쥘	ズィル
쥙	ズィク
쥚	ズィム
쥛	ズィル
쥜	ズィル
쥝	ズィル
쥞	ズィプ
쥟	ズィル
쥠	ズィム
쥡	ズィプ
쥢	ズィプ
쥣	ズィッ
쥤	ズィッ
쥥	ズィン
쥦	ズィッ
쥧	ズィッ
쥨	ズィク
쥩	ズィッ
쥪	ズィプ
쥫	ズィッ
쥬	ジュ
쥭	ジュク
쥮	ジュク
쥯	ジュク
쥰	ジュン
쥱	ジュン
쥲	ジュン
쥳	ジュッ
쥴	ジュル
쥵	ジュク
쥶	ジュム
쥷	ジュル
쥸	ジュル
쥹	ジュル
쥺	ジュプ
쥻	ジュル
쥼	ジュム
쥽	ジュプ
쥾	ジュプ
쥿	ジュッ
즀	ジュッ
즁	ジュン
즂	ジュッ
즃	ジュッ
즄	ジュク
즅	ジュッ
즆	ジュプ
즇	ジュッ
즈	ズ
즉	ズク
즊	ズク
즋	ズク
즌	ズン
즍	ズン
즎	ズン
즏	ズッ
즐	ズル
즑	ズク
즒	ズム
즓	ズル
즔	ズル
즕	ズル
즖	ズプ
즗	ズル
즘	ズム
즙	ズプ
즚	ズプ
즛	ズッ
즜	ズッ
증	ズン
즞	ズッ
즟	ズッ
즠	ズク
즡	ズッ
즢	ズプ
즣	ズッ
즤	ジ
즥	ジク
즦	ジク
즧	ジク
즨	ジン
즩	ジン
즪	ジン
즫	ジッ
즬	ジル
즭	ジク
즮	ジム
즯	ジル
즰	ジル
즱	ジル
즲	ジプ
즳	ジル
즴	ジム
즵	ジプ
즶	ジプ
즷	ジッ
즸	ジッ
즹	ジン
즺	ジッ
즻	ジッ
즼	ジク
즽	ジッ
즾	ジプ
즿	ジッ
지	ジ
직	ジク
짂	ジク
짃	ジク
진	ジン
짅	ジン
짆	ジン
짇	ジッ
질	ジル
짉	ジク
짊	ジム
짋	ジル
짌	ジル
짍	ジル
짎	ジプ
짏	ジル
짐	ジム
집	ジプ
짒	ジプ
짓	ジッ
짔	ジッ
징	ジン
짖	ジッ
짗	ジッ
짘	ジク
짙	ジッ
짚	ジプ
짛	ジッ
짜	チャ
짝	チャク
짞	チャク
짟	チャク
짠	チャン
짡	チャン
짢	チャン
짣	チャッ
짤	チャル
짥	チャク
짦	チャム
짧	チャル
짨	チャル
짩	チャル
짪	チャプ
짫	チャル
짬	チャム
짭	チャプ
짮	チャプ
짯	チャッ
짰	チャッ
짱	チャン
짲	チャッ
짳	チャッ
짴	チャク
짵	チャッ
짶	チャプ
짷	チャッ
째	チェ
짹	チェク
짺	チェク
짻	チェク
짼	チェン
짽	チェン
짾	チェン
짿	チェッ
쨀	チェル
쨁	チェク
쨂	チェム
쨃	チェル
쨄	チェル
쨅	チェル
쨆	チェプ
쨇	チェル
쨈	チェム
쨉	チェプ
쨊	チェプ
쨋	チェッ
쨌	チェッ
쨍	チェン
쨎	チェッ
쨏	チェッ
쨐	チェク
쨑	チェッ
쨒	チェプ
쨓	チェッ
쨔	チャ
쨕	チャク
쨖	チャク
쨗	チャク
쨘	チャン
쨙	チャン
쨚	チャン
쨛	チャッ
쨜	チャル
쨝	チャク
쨞	チャム
쨟	チャル
쨠	チャル
쨡	チャル
쨢	チャプ
쨣	チャル
쨤	チャム
쨥	チャプ
쨦	チャプ
쨧	チャッ
쨨	チャッ
쨩	チャン
쨪	チャッ
쨫	チャッ
쨬	チャク
쨭	チャッ
쨮	チャプ
쨯	チャッ
쨰	チェ
쨱	チェク
쨲	チェク
쨳	チェク
쨴	チェン
쨵	チェン
쨶	チェン
쨷	チェッ
쨸	チェル
쨹	チェク
쨺	チェム
쨻	チェル
쨼	チェル
쨽	チェル
쨾	チェプ
쨿	チェル
쩀	チェム
쩁	チェプ
쩂	チェプ
쩃	チェッ
쩄	チェッ
쩅	チェン
쩆	チェッ
쩇	チェッ
쩈	チェク
쩉	チェッ
쩊	チェプ
쩋	チェッ
쩌	チョ
쩍	チョク
쩎	チョク
쩏	チョク
쩐	チョン
쩑	チョン
쩒	チョン
쩓	チョッ
쩔	チョル
쩕	チョク
쩖	チョム
쩗	チョル
쩘	チョル
쩙	チョル
쩚	チョプ
쩛	チョル
쩜	チョム
쩝	チョプ
쩞	チョプ
쩟	チョッ
쩠	チョッ
쩡	チョン
쩢	チョッ
쩣	チョッ
쩤	チョク
쩥	チョッ
쩦	チョプ
쩧	チョッ
쩨	チェ
쩩	チェク
쩪	チェク
쩫	チェク
쩬	チェン
쩭	チェン
쩮	チェン
쩯	チェッ
쩰	チェル
쩱	チェク
쩲	チェム
쩳	チェル
쩴	チェル
쩵	チェル
쩶	チェプ
쩷	チェル
쩸	チェム
쩹	チェプ
쩺	チェプ
쩻	チェッ
쩼	チェッ
쩽	チェン
쩾	チェッ
쩿	チェッ
쪀	チェク
쪁	チェッ
쪂	チェプ
쪃	チェッ
쪄	チョ
쪅	チョク
쪆	チョク
쪇	チョク
쪈	チョン
쪉	チョン
쪊	チョン
쪋	チョッ
쪌	チョル
쪍	チョク
쪎	チョム
쪏	チョル
쪐	チョル
쪑	チョル
쪒	チョプ
쪓	チョル
쪔	チョム
쪕	チョプ
쪖	チョプ
쪗	チョッ
쪘	チョッ
쪙	チョン
쪚	チョッ
쪛	チョッ
쪜	チョク
쪝	チョッ
쪞	チョプ
쪟	チョッ
쪠	チェ
쪡	チェク
쪢	チェク
쪣	チェク
쪤	チェン
쪥	チェン
쪦	チェン
쪧	チェッ
쪨	チェル
쪩	チェク
쪪	チェム
쪫	チェル
쪬	チェル
쪭	チェル
쪮	チェプ
쪯	チェル
쪰	チェム
쪱	チェプ
쪲	チェプ
쪳	チェッ
쪴	チェッ
쪵	チェン
쪶	チェッ
쪷	チェッ
쪸	チェク
쪹	チェッ
쪺	チェプ
쪻	チェッ
쪼	チョ
쪽	チョク
쪾	チョク
쪿	チョク
쫀	チョン
쫁	チョン
쫂	チョン
쫃	チョッ
쫄	チョル
쫅	チョク
쫆	チョム
쫇	チョル
쫈	チョル
쫉	チョル
쫊	チョプ
쫋	チョル
쫌	チョム
쫍	チョプ
쫎	チョプ
쫏	チョッ
쫐	チョッ
쫑	チョン
쫒	チョッ
쫓	チョッ
쫔	チョク
쫕	チョッ
쫖	チョプ
쫗	チョッ
쫘	ツァ
쫙	ツァク
쫚	ツァク
쫛	ツァク
쫜	ツァン
쫝	ツァン
쫞	ツァン
쫟	ツァッ
쫠	ツァル
쫡	ツァク
쫢	ツァム
쫣	ツァル
쫤	ツァル
쫥	ツァル
쫦	ツァプ
쫧	ツァル
쫨	ツァム
쫩	ツァプ
쫪	ツァプ
쫫	ツァッ
쫬	ツァッ
쫭	ツァン
쫮	ツァッ
쫯	ツァッ
쫰	ツァク
쫱	ツァッ
쫲	ツァプ
쫳	ツァッ
쫴	ツェ
쫵	ツェク
쫶	ツェク
쫷	ツェク
쫸	ツェン
쫹	ツェン
쫺	ツェン
쫻	ツェッ
쫼	ツェル
쫽	ツェク
쫾	ツェム
쫿	ツェル
쬀	ツェル
쬁	ツェル
쬂	ツェプ
쬃	ツェル
쬄	ツェム
쬅	ツェプ
쬆	ツェプ
쬇	ツェッ
쬈	ツェッ
쬉	ツェン
쬊	ツェッ
쬋	ツェッ
쬌	ツェク
쬍	ツェッ
쬎	ツェプ
쬏	ツェッ
쬐	ツェ
쬑	ツェク
쬒	ツェク
쬓	ツェク
쬔	ツェン
쬕	ツェン
쬖	ツェン
쬗	ツェッ
쬘	ツェル
쬙	ツェク
쬚	ツェム
쬛	ツェル
쬜	ツェル
쬝	ツェル
쬞	ツェプ
쬟	ツェル
쬠	ツェム
쬡	ツェプ
쬢	ツェプ
쬣	ツェッ
쬤	ツェッ
쬥	ツェン
쬦	ツェッ
쬧	ツェッ
쬨	ツェク
쬩	ツェッ
쬪	ツェプ
쬫	ツェッ
쬬	チョ
쬭	チョク
쬮	チョク
쬯	チョク
쬰	チョン
쬱	チョン
쬲	チョン
쬳	チョッ
쬴	チョル
쬵	チョク
쬶	チョム
쬷	チョル
쬸	チョル
쬹	チョル
쬺	チョプ
쬻	チョル
쬼	チョム
쬽	チョプ
쬾	チョプ
쬿	チョッ
쭀	チョッ
쭁	チョン
쭂	チョッ
쭃	チョッ
쭄	チョク
쭅	チョッ
쭆	チョプ
쭇	チョッ
쭈	チュ
쭉	チュク
쭊	チュク
쭋	チュク
쭌	チュン
쭍	チュン
쭎	チュン
쭏	チュッ
쭐	チュル
쭑	チュク
쭒	チュム
쭓	チュル
쭔	チュル
쭕	チュル
쭖	チュプ
쭗	チュル
쭘	チュム
쭙	チュプ
쭚	チュプ
쭛	チュッ
쭜	チュッ
쭝	チュン
쭞	チュッ
쭟	チュッ
쭠	チュク
쭡	チュッ
쭢	チュプ
쭣	チュッ
쭤	ツォ
쭥	ツォク
쭦	ツォク
쭧	ツォク
쭨	ツォン
쭩	ツォン
쭪	ツォン
쭫	ツォッ
쭬	ツォル
쭭	ツォク
쭮	ツォム
쭯	ツォル
쭰	ツォル
쭱	ツォル
쭲	ツォプ
쭳	ツォル
쭴	ツォム
쭵	ツォプ
쭶	ツォプ
쭷	ツォッ
쭸	ツォッ
쭹	ツォン
쭺	ツォッ
쭻	ツォッ
쭼	ツォク
쭽	ツォッ
쭾	ツォプ
쭿	ツォッ
쮀	ツェ
쮁	ツェク
쮂	ツェク
쮃	ツェク
쮄	ツェン
쮅	ツェン
쮆	ツェン
쮇	ツェッ
쮈	ツェル
쮉	ツェク
쮊	ツェム
쮋	ツェル
쮌	ツェル
쮍	ツェル
쮎	ツェプ
쮏	ツェル
쮐	ツェム
쮑	ツェプ
쮒	ツェプ
쮓	ツェッ
쮔	ツェッ
쮕	ツェン
쮖	ツェッ
쮗	ツェッ
쮘	ツェク
쮙	ツェッ
쮚	ツェプ
쮛	ツェッ
쮜	ツィ
쮝	ツィク
쮞	ツィク
쮟	ツィク
쮠	ツィン
쮡	ツィン
쮢	ツィン
쮣	ツィッ
쮤	ツィル
쮥	ツィク
쮦	ツィム
쮧	ツィル
쮨	ツィル
쮩	ツィル
쮪	ツィプ
쮫	ツィル
쮬	ツィム
쮭	ツィプ
쮮	ツィプ
쮯	ツィッ
쮰	ツィッ
쮱	ツィン
쮲	ツィッ
쮳	ツィッ
쮴	ツィク
쮵	ツィッ
쮶	ツィプ
쮷	ツィッ
쮸	チュ
쮹	チュク
쮺	チュク
쮻	チュク
쮼	チュン
쮽	チュン
쮾	チュン
쮿	チュッ
쯀	チュル
쯁	チュク
쯂	チュム
쯃	チュル
쯄	チュル
쯅	チュル
쯆	チュプ
쯇	チュル
쯈	チュム
쯉	チュプ
쯊	チュプ
쯋	チュッ
쯌	チュッ
쯍	チュン
쯎	チュッ
쯏	チュッ
쯐	チュク
쯑	チュッ
쯒	チュプ
쯓	チュッ
쯔	ツ
쯕	ツク
쯖	ツク
쯗	ツク
쯘	ツン
쯙	ツン
쯚	ツン
쯛	ツッ
쯜	ツル
쯝	ツク
쯞	ツム
쯟	ツル
쯠	ツル
쯡	ツル
쯢	ツプ
쯣	ツル
쯤	ツム
쯥	ツプ
쯦	ツプ
쯧	ツッ
쯨	ツッ
쯩	ツン
쯪	ツッ
쯫	ツッ
쯬	ツク
쯭	ツッ
쯮	ツプ
쯯	ツッ
쯰	チ
쯱	チク
쯲	チク
쯳	チク
쯴	チン
쯵	チン
쯶	チン
쯷	チッ
쯸	チル
쯹	チク
쯺	チム
쯻	チル
쯼	チル
쯽	チル
쯾	チプ
쯿	チル
찀	チム
찁	チプ
찂	チプ
찃	チッ
찄	チッ
찅	チン
찆	チッ
찇	チッ
찈	チク
찉	チッ
찊	チプ
찋	チッ
찌	チ
찍	チク
찎	チク
찏	チク
찐	チン
찑	チン
찒	チン
찓	チッ
찔	チル
찕	チク
찖	チム
찗	チル
찘	チル
찙	チル
찚	チプ
찛	チル
찜	チム
찝	チプ
찞	チプ
찟	チッ
찠	チッ
찡	チン
찢	チッ
찣	チッ
찤	チク
찥	チッ
찦	チプ
찧	チッ
차	チャ
착	チャク
찪	チャク
찫	チャク
찬	チャン
찭	チャン
찮	チャン
찯	チャッ
찰	チャル
찱	チャク
찲	チャム
찳	チャル
찴	チャル
찵	チャル
찶	チャプ
찷	チャル
참	チャム
찹	チャプ
찺	チャプ
찻	チャッ
찼	チャッ
창	チャン
찾	チャッ
찿	チャッ
챀	チャク
챁	チャッ
챂	チャプ
챃	チャッ
채	チェ
책	チェク
챆	チェク
챇	チェク
챈	チェン
챉	チェン
챊	チェン
챋	チェッ
챌	チェル
챍	チェク
챎	チェム
챏	チェル
챐	チェル
챑	チェル
챒	チェプ
챓	チェル
챔	チェム
챕	チェプ
챖	チェプ
챗	チェッ
챘	チェッ
챙	チェン
챚	チェッ
챛	チェッ
챜	チェク
챝	チェッ
챞	チェプ
챟	チェッ
챠	チャ
챡	チャク
챢	チャク
챣	チャク
챤	チャン
챥	チャン
챦	チャン
챧	チャッ
챨	チャル
챩	チャク
챪	チャム
챫	チャル
챬	チャル
챭	チャル
챮	チャプ
챯	チャル
챰	チャム
챱	チャプ
챲	チャプ
챳	チャッ
챴	チャッ
챵	チャン
챶	チャッ
챷	チャッ
챸	チャク
챹	チャッ
챺	チャプ
챻	チャッ
챼	チェ
챽	チェク
챾	チェク
챿	チェク
첀	チェン
첁	チェン
첂	チェン
첃	チェッ
첄	チェル
첅	チェク
첆	チェム
첇	チェル
첈	チェル
첉	チェル
첊	チェプ
첋	チェル
첌	チェム
첍	チェプ
첎	チェプ
첏	チェッ
첐	チェッ
첑	チェン
첒	チェッ
첓	チェッ
첔	チェク
첕	チェッ
첖	チェプ
첗	チェッ
처	チョ
척	チョク
첚	チョク
첛	チョク
천	チョン
첝	チョン
첞	チョン
첟	チョッ
철	チョル
첡	チョク
첢	チョム
첣	チョル
첤	チョル
첥	チョル
첦	チョプ
첧	チョル
첨	チョム
첩	チョプ
첪	チョプ
첫	チョッ
첬	チョッ
청	チョン
첮	チョッ
첯	チョッ
첰	チョク
첱	チョッ
첲	チョプ
첳	チョッ
체	チェ
첵	チェク
첶	チェク
첷	チェク
첸	チェン
첹	チェン
첺	チェン
첻	チェッ
첼	チェル
첽	チェク
첾	チェム
첿	チェル
쳀	チェル
쳁	チェル
쳂	チェプ
쳃	チェル
쳄	チェム
쳅	チェプ
쳆	チェプ
쳇	チェッ
쳈	チェッ
쳉	チェン
쳊	チェッ
쳋	チェッ
쳌	チェク
쳍	チェッ
쳎	チェプ
쳏	チェッ
쳐	チョ
쳑	チョク
쳒	チョク
쳓	チョク
쳔	チョン
쳕	チョン
쳖	チョン
쳗	チョッ
쳘	チョル
쳙	チョク
쳚	チョム
쳛	チョル
쳜	チョル
쳝	チョル
쳞	チョプ
쳟	チョル
쳠	チョム
쳡	チョプ
쳢	チョプ
쳣	チョッ
쳤	チョッ
쳥	チョン
쳦	チョッ
쳧	チョッ
쳨	チョク
쳩	チョッ
쳪	チョプ
쳫	チョッ
쳬	チェ
쳭	チェク
쳮	チェク
쳯	チェク
쳰	チェン
쳱	チェン
쳲	チェン
쳳	チェッ
쳴	チェル
쳵	チェク
쳶	チェム
쳷	チェル
쳸	チェル
쳹	チェル
쳺	チェプ
쳻	チェル
쳼	チェム
쳽	チェプ
쳾	チェプ
쳿	チェッ
촀	チェッ
촁	チェン
촂	チェッ
촃	チェッ
촄	チェク
촅	チェッ
촆	チェプ
촇	チェッ
초	チョ
촉	チョク
촊	チョク
촋	チョク
촌	チョン
촍	チョン
촎	チョン
촏	チョッ
촐	チョル
촑	チョク
촒	チョム
촓	チョル
촔	チョル
촕	チョル
촖	チョプ
촗	チョル
촘	チョム
촙	チョプ
촚	チョプ
촛	チョッ
촜	チョッ
총	チョン
촞	チョッ
촟	チョッ
촠	チョク
촡	チョッ
촢	チョプ
촣	チョッ
촤	ツァ
촥	ツァク
촦	ツァク
촧	ツァク
촨	ツァン
촩	ツァン
촪	ツァン
촫	ツァッ
촬	ツァル
촭	ツァク
촮	ツァム
촯	ツァル
촰	ツァル
촱	ツァル
촲	ツァプ
촳	ツァル
촴	ツァム
촵	ツァプ
촶	ツァプ
촷	ツァッ
촸	ツァッ
촹	ツァン
촺	ツァッ
촻	ツァッ
촼	ツァク
촽	ツァッ
촾	ツァプ
촿	ツァッ
쵀	ツェ
쵁	ツェク
쵂	ツェク
쵃	ツェク
쵄	ツェン
쵅	ツェン
쵆	ツェン
쵇	ツェッ
쵈	ツェル
쵉	ツェク
쵊	ツェム
쵋	ツェル
쵌	ツェル
쵍	ツェル
쵎	ツェプ
쵏	ツェル
쵐	ツェム
쵑	ツェプ
쵒	ツェプ
쵓	ツェッ
쵔	ツェッ
쵕	ツェン
쵖	ツェッ
쵗	ツェッ
쵘	ツェク
쵙	ツェッ
쵚	ツェプ
쵛	ツェッ
최	ツェ
쵝	ツェク
쵞	ツェク
쵟	ツェク
쵠	ツェン
쵡	ツェン
쵢	ツェン
쵣	ツェッ
쵤	ツェル
쵥	ツェク
쵦	ツェム
쵧	ツェル
쵨	ツェル
쵩	ツェル
쵪	ツェプ
쵫	ツェル
쵬	ツェム
쵭	ツェプ
쵮	ツェプ
쵯	ツェッ
쵰	ツェッ
쵱	ツェン
쵲	ツェッ
쵳	ツェッ
쵴	ツェク
쵵	ツェッ
쵶	ツェプ
쵷	ツェッ
쵸	チョ
쵹	チョク
쵺	チョク
쵻	チョク
쵼	チョン
쵽	チョン
쵾	チョン
쵿	チョッ
춀	チョル
춁	チョク
춂	チョム
춃	チョル
춄	チョル
춅	チョル
춆	チョプ
춇	チョル
춈	チョム
춉	チョプ
춊	チョプ
춋	チョッ
춌	チョッ
춍	チョン
춎	チョッ
춏	チョッ
춐	チョク
춑	チョッ
춒	チョプ
춓	チョッ
추	チュ
축	チュク
춖	チュク
춗	チュク
춘	チュン
춙	チュン
춚	チュン
춛	チュッ
출	チュル
춝	チュク
춞	チュム
춟	チュル
춠	チュル
춡	チュル
춢	チュプ
춣	チュル
춤	チュム
춥	チュプ
춦	チュプ
춧	チュッ
춨	チュッ
충	チュン
춪	チュッ
춫	チュッ
춬	チュク
춭	チュッ
춮	チュプ
춯	チュッ
춰	ツォ
춱	ツォク
춲	ツォク
춳	ツォク
춴	ツォン
춵	ツォン
춶	ツォン
춷	ツォッ
춸	ツォル
춹	ツォク
춺	ツォム
춻	ツォル
춼	ツォル
춽	ツォル
춾	ツォプ
춿	ツォル
췀	ツォム
췁	ツォプ
췂	ツォプ
췃	ツォッ
췄	ツォッ
췅	ツォン
췆	ツォッ
췇	ツォッ
췈	ツォク
췉	ツォッ
췊	ツォプ
췋	ツォッ
췌	ツェ
췍	ツェク
췎	ツェク
췏	ツェク
췐	ツェン
췑	ツェン
췒	ツェン
췓	ツェッ
췔	ツェル
췕	ツェク
췖	ツェム
췗	ツェル
췘	ツェル
췙	ツェル
췚	ツェプ
췛	ツェル
췜	ツェム
췝	ツェプ
췞	ツェプ
췟	ツェッ
췠	ツェッ
췡	ツェン
췢	ツェッ
췣	ツェッ
췤	ツェク
췥	ツェッ
췦	ツェプ
췧	ツェッ
취	ツィ
췩	ツィク
췪	ツィク
췫	ツィク
췬	ツィン
췭	ツィン
췮	ツィン
췯	ツィッ
췰	ツィル
췱	ツィク
췲	ツィム
췳	ツィル
췴	ツィル
췵	ツィル
췶	ツィプ
췷	ツィル
췸	ツィム
췹	ツィプ
췺	ツィプ
췻	ツィッ
췼	ツィッ
췽	ツィン
췾	ツィッ
췿	ツィッ
츀	ツィク
츁	ツィッ
츂	ツィプ
츃	ツィッ
츄	チュ
츅	チュク
츆	チュク
츇	チュク
츈	チュン
츉	チュン
츊	チュン
츋	チュッ
츌	チュル
츍	チュク
츎	チュム
츏	チュル
츐	チュル
츑	チュル
츒	チュプ
츓	チュル
츔	チュム
츕	チュプ
츖	チュプ
츗	チュッ
츘	チュッ
츙	チュン
츚	チュッ
츛	チュッ
츜	チュク
츝	チュッ
츞	チュプ
츟	チュッ
츠	ツ
측	ツク
츢	ツク
츣	ツク
츤	ツン
츥	ツン
츦	ツン
츧	ツッ
츨	ツル
츩	ツク
츪	ツム
츫	ツル
츬	ツル
츭	ツル
츮	ツプ
츯	ツル
츰	ツム
츱	ツプ
츲	ツプ
츳	ツッ
츴	ツッ
층	ツン
츶	ツッ
츷	ツッ
츸	ツク
츹	ツッ
츺	ツプ
츻	ツッ
츼	チ
츽	チク
츾	チク
츿	チク
칀	チン
칁	チン
칂	チン
칃	チッ
칄	チル
칅	チク
칆	チム
칇	チル
칈	チル
칉	チル
칊	チプ
칋	チル
칌	チム
칍	チプ
칎	チプ
칏	チッ
칐	チッ
칑	チン
칒	チッ
칓	チッ
칔	チク
칕	チッ
칖	チプ
칗	チッ
치	チ
칙	チク
칚	チク
칛	チク
친	チン
칝	チン
칞	チン
칟	チッ
칠	チル
칡	チク
칢	チム
칣	チル
칤	チル
칥	チル
칦	チプ
칧	チル
침	チム
칩	チプ
칪	チプ
칫	チッ
칬	チッ
칭	チン
칮	チッ
칯	チッ
칰	チク
칱	チッ
칲	チプ
칳	チッ
카	カ
칵	カク
칶	カク
칷	カク
칸	カン
칹	カン
칺	カン
칻	カッ
칼	カル
칽	カク
칾	カム
칿	カル
캀	カル
캁	カル
캂	カプ
캃	カル
캄	カム
캅	カプ
캆	カプ
캇	カッ
캈	カッ
캉	カン
캊	カッ
캋	カッ
캌	カク
캍	カッ
캎	カプ
캏	カッ
캐	ケ
캑	ケク
캒	ケク
캓	ケク
캔	ケン
캕	ケン
캖	ケン
캗	ケッ
캘	ケル
캙	ケク
캚	ケム
캛	ケル
캜	ケル
캝	ケル
캞	ケプ
캟	ケル
캠	ケム
캡	ケプ
캢	ケプ
캣	ケッ
캤	ケッ
캥	ケン
캦	ケッ
캧	ケッ
캨	ケク
캩	ケッ
캪	ケプ
캫	ケッ
캬	キャ
캭	キャク
캮	キャク
캯	キャク
캰	キャン
캱	キャン
캲	キャン
캳	キャッ
캴	キャル
캵	キャク
캶	キャム
캷	キャル
캸	キャル
캹	キャル
캺	キャプ
캻	キャル
캼	キャム
캽	キャプ
캾	キャプ
캿	キャッ
컀	キャッ
컁	キャン
컂	キャッ
컃	キャッ
컄	キャク
컅	キャッ
컆	キャプ
컇	キャッ
컈	キェ
컉	キェク
컊	キェク
컋	キェク
컌	キェン
컍	キェン
컎	キェン
컏	キェッ
컐	キェル
컑	キェク
컒	キェム
컓	キェル
컔	キェル
컕	キェル
컖	キェプ
컗	キェル
컘	キェム
컙	キェプ
컚	キェプ
컛	キェッ
컜	キェッ
컝	キェン
컞	キェッ
컟	キェッ
컠	キェク
컡	キェッ
컢	キェプ
컣	キェッ
커	コ
컥	コク
컦	コク
컧	コク
컨	コン
컩	コン
컪	コン
컫	コッ
컬	コル
컭	コク
컮	コム
컯	コル
컰	コル
컱	コル
컲	コプ
컳	コル
컴	コム
컵	コプ
컶	コプ
컷	コッ
컸	コッ
컹	コン
컺	コッ
컻	コッ
컼	コク
컽	コッ
컾	コプ
컿	コッ
케	ケ
켁	ケク
켂	ケク
켃	ケク
켄	ケン
켅	ケン
켆	ケン
켇	ケッ
켈	ケル
켉	ケク
켊	ケム
켋	ケル
켌	ケル
켍	ケル
켎	ケプ
켏	ケル
켐	ケム
켑	ケプ
켒	ケプ
켓	ケッ
켔	ケッ
켕	ケン
켖	ケッ
켗	ケッ
켘	ケク
켙	ケッ
켚	ケプ
켛	ケッ
켜	キョ
켝	キョク
켞	キョク
켟	キョク
켠	キョン
켡	キョン
켢	キョン
켣	キョッ
켤	キョル
켥	キョク
켦	キョム
켧	キョル
켨	キョル
켩	キョル
켪	キョプ
켫	キョル
켬	キョム
켭	キョプ
켮	キョプ
켯	キョッ
켰	キョッ
켱	キョン
켲	キョッ
켳	キョッ
켴	キョク
켵	キョッ
켶	キョプ
켷	キョッ
켸	キェ
켹	キェク
켺	キェク
켻	キェク
켼	キェン
켽	キェン
켾	キェン
켿	キェッ
콀	キェル
콁	キェク
콂	キェム
콃	キェル
콄	キェル
콅	キェル
콆	キェプ
콇	キェル
콈	キェム
콉	キェプ
콊	キェプ
콋	キェッ
콌	キェッ
콍	キェン
콎	キェッ
콏	キェッ
콐	キェク
콑	キェッ
콒	キェプ
콓	キェッ
코	コ
콕	コク
콖	コク
콗	コク
콘	コン
콙	コン
콚	コン
콛	コッ
콜	コル
콝	コク
콞	コム
콟	コル
콠	コル
콡	コル
콢	コプ
콣	コル
콤	コム
콥	コプ
콦	コプ
콧	コッ
콨	コッ
콩	コン
콪	コッ
콫	コッ
콬	コク
콭	コッ
콮	コプ
콯	コッ
콰	クァ
콱	クァク
콲	クァク
콳	クァク
콴	クァン
콵	クァン
콶	クァン
콷	クァッ
콸	クァル
콹	クァク
콺	クァム
콻	クァル
콼	クァル
콽	クァル
콾	クァプ
콿	クァル
쾀	クァム
쾁	クァプ
쾂	クァプ
쾃	クァッ
쾄	クァッ
쾅	クァン
쾆	クァッ
쾇	クァッ
쾈	クァク
쾉	クァッ
쾊	クァプ
쾋	クァッ
쾌	クェ
쾍	クェク
쾎	クェク
쾏	クェク
쾐	クェン
쾑	クェン
쾒	クェン
쾓	クェッ
쾔	クェル
쾕	クェク
쾖	クェム
쾗	クェル
쾘	クェル
쾙	クェル
쾚	クェプ
쾛	クェル
쾜	クェム
쾝	クェプ
쾞	クェプ
쾟	クェッ
쾠	クェッ
쾡	クェン
쾢	クェッ
쾣	クェッ
쾤	クェク
쾥	クェッ
쾦	クェプ
쾧	クェッ
쾨	クェ
쾩	クェク
쾪	クェク
쾫	クェク
쾬	クェン
쾭	クェン
쾮	クェン
쾯	クェッ
쾰	クェル
쾱	クェク
쾲	クェム
쾳	クェル
쾴	クェル
쾵	クェル
쾶	クェプ
쾷	クェル
쾸	クェム
쾹	クェプ
쾺	クェプ
쾻	クェッ
쾼	クェッ
쾽	クェン
쾾	クェッ
쾿	クェッ
쿀	クェク
쿁	クェッ
쿂	クェプ
쿃	クェッ
쿄	キョ
쿅	キョク
쿆	キョク
쿇	キョク
쿈	キョン
쿉	キョン
쿊	キョン
쿋	キョッ
쿌	キョル
쿍	キョク
쿎	キョム
쿏	キョル
쿐	キョル
쿑	キョル
쿒	キョプ
쿓	キョル
쿔	キョム
쿕	キョプ
쿖	キョプ
쿗	キョッ
쿘	キョッ
쿙	キョン
쿚	キョッ
쿛	キョッ
쿜	キョク
쿝	キョッ
쿞	キョプ
쿟	キョッ
쿠	ク
쿡	クク
쿢	クク
쿣	クク
쿤	クン
쿥	クン
쿦	クン
쿧	クッ
쿨	クル
쿩	クク
쿪	クム
쿫	クル
쿬	クル
쿭	クル
쿮	クプ
쿯	クル
쿰	クム
쿱	クプ
쿲	クプ
쿳	クッ
쿴	クッ
쿵	クン
쿶	クッ
쿷	クッ
쿸	クク
쿹	クッ
쿺	クプ
쿻	クッ
쿼	クォ
쿽	クォク
쿾	クォク
쿿	クォク
퀀	クォン
퀁	クォン
퀂	クォン
퀃	クォッ
퀄	クォル
퀅	クォク
퀆	クォム
퀇	クォル
퀈	クォル
퀉	クォル
퀊	クォプ
퀋	クォル
퀌	クォム
퀍	クォプ
퀎	クォプ
퀏	クォッ
퀐	クォッ
퀑	クォン
퀒	クォッ
퀓	クォッ
퀔	クォク
퀕	クォッ
퀖	クォプ
퀗	クォッ
퀘	クェ
퀙	クェク
퀚	クェク
퀛	クェク
퀜	クェン
퀝	クェン
퀞	クェン
퀟	クェッ
퀠	クェル
퀡	クェク
퀢	クェム
퀣	クェル
퀤	クェル
퀥	クェル
퀦	クェプ
퀧	クェル
퀨	クェム
퀩	クェプ
퀪	クェプ
퀫	クェッ
퀬	クェッ
퀭	クェン
퀮	クェッ
퀯	クェッ
퀰	クェク
퀱	クェッ
퀲	クェプ
퀳	クェッ
퀴	クィ
퀵	クィク
퀶	クィク
퀷	クィク
퀸	クィン
퀹	クィン
퀺	クィン
퀻	クィッ
퀼	クィル
퀽	クィク
퀾	クィム
퀿	クィル
큀	クィル
큁	クィル
큂	クィプ
큃	クィル
큄	クィム
큅	クィプ
큆	クィプ
큇	クィッ
큈	クィッ
큉	クィン
큊	クィッ
큋	クィッ
큌	クィク
큍	クィッ
큎	クィプ
큏	クィッ
큐	キュ
큑	キュク
큒	キュク
큓	キュク
큔	キュン
큕	キュン
큖	キュン
큗	キュッ
큘	キュル
큙	キュク
큚	キュム
큛	キュル
큜	キュル
큝	キュル
큞	キュプ
큟	キュル
큠	キュム
큡	キュプ
큢	キュプ
큣	キュッ
큤	キュッ
큥	キュン
큦	キュッ
큧	キュッ
큨	キュク
큩	キュッ
큪	キュプ
큫	キュッ
크	ク
큭	クク
큮	クク
큯	クク
큰	クン
큱	クン
큲	クン
큳	クッ
클	クル
큵	クク
큶	クム
큷	クル
큸	クル
큹	クル
큺	クプ
큻	クル
큼	クム
큽	クプ
큾	クプ
큿	クッ
킀	クッ
킁	クン
킂	クッ
킃	クッ
킄	クク
킅	クッ
킆	クプ
킇	クッ
킈	キ
킉	キク
킊	キク
킋	キク
킌	キン
킍	キン
킎	キン
킏	キッ
킐	キル
킑	キク
킒	キム
킓	キル
킔	キル
킕	キル
킖	キプ
킗	キル
킘	キム
킙	キプ
킚	キプ
킛	キッ
킜	キッ
킝	キン
킞	キッ
킟	キッ
킠	キク
킡	キッ
킢	キプ
킣	キッ
키	キ
킥	キク
킦	キク
킧	キク
킨	キン
킩	キン
킪	キン
킫	キッ
킬	キル
킭	キク
킮	キム
킯	キル
킰	キル
킱	キル
킲	キプ
킳	キル
킴	キム
킵	キプ
킶	キプ
킷	キッ
킸	キッ
킹	キン
킺	キッ
킻	キッ
킼	キク
킽	キッ
킾	キプ
킿	キッ
타	タ
탁	タク
탂	タク
탃	タク
탄	タン
탅	タン
탆	タン
탇	タッ
탈	タル
탉	タク
탊	タム
탋	タル
탌	タル
탍	タル
탎	タプ
탏	タル
탐	タム
탑	タプ
탒	タプ
탓	タッ
탔	タッ
탕	タン
탖	タッ
탗	タッ
탘	タク
탙	タッ
탚	タプ
탛	タッ
태	テ
택	テク
탞	テク
탟	テク
탠	テン
탡	テン
탢	テン
탣	テッ
탤	テル
탥	テク
탦	テム
탧	テル
탨	テル
탩	テル
탪	テプ
탫	テル
탬	テム
탭	テプ
탮	テプ
탯	テッ
탰	テッ
탱	テン
탲	テッ
탳	テッ
탴	テク
탵	テッ
탶	テプ
탷	テッ
탸	テャ
탹	テャク
탺	テャク
탻	テャク
탼	テャン
탽	テャン
탾	テャン
탿	テャッ
턀	テャル
턁	テャク
턂	テャム
턃	テャル
턄	テャル
턅	テャル
턆	テャプ
턇	テャル
턈	テャム
턉	テャプ
턊	テャプ
턋	テャッ
턌	テャッ
턍	テャン
턎	テャッ
턏	テャッ
턐	テャク
턑	テャッ
턒	テャプ
턓	テャッ
턔	ティェ
턕	ティェク
턖	ティェク
턗	ティェク
턘	ティェン
턙	ティェン
턚	ティェン
턛	ティェッ
턜	ティェル
턝	ティェク
턞	ティェム
턟	ティェル
턠	ティェル
턡	ティェル
턢	ティェプ
턣	ティェル
턤	ティェム
턥	ティェプ
턦	ティェプ
턧	ティェッ
턨	ティェッ
턩	ティェン
턪	ティェッ
턫	ティェッ
턬	ティェク
턭	ティェッ
턮	ティェプ
턯	ティェッ
터	ト
턱	トク
턲	トク
턳	トク
턴	トン
턵	トン
턶	トン
턷	トッ
털	トル
턹	トク
턺	トム
턻	トル
턼	トル
턽	トル
턾	トプ
턿	トル
텀	トム
텁	トプ
텂	トプ
텃	トッ
텄	トッ
텅	トン
텆	トッ
텇	トッ
텈	トク
텉	トッ
텊	トプ
텋	トッ
테	テ
텍	テク
텎	テク
텏	テク
텐	テン
텑	テン
텒	テン
텓	テッ
텔	テル
텕	テク
텖	テム
텗	テル
텘	テル
텙	テル
텚	テプ
텛	テル
템	テム
텝	テプ
텞	テプ
텟	テッ
텠	テッ
텡	テン
텢	テッ
텣	テッ
텤	テク
텥	テッ
텦	テプ
텧	テッ
텨	テョ
텩	テョク
텪	テョク
텫	テョク
텬	テョン
텭	テョン
텮	テョン
텯	テョッ
텰	テョル
텱	テョク
텲	テョム
텳	テョル
텴	テョル
텵	テョル
텶	テョプ
텷	テョル
텸	テョム
텹	テョプ
텺	テョプ
텻	テョッ
텼	テョッ
텽	テョン
텾	テョッ
텿	テョッ
톀	テョク
톁	テョッ
톂	テョプ
톃	テョッ
톄	ティェ
톅	ティェク
톆	ティェク
톇	ティェク
톈	ティェン
톉	ティェン
톊	ティェン
톋	ティェッ
톌	ティェル
톍	ティェク
톎	ティェム
톏	ティェル
톐	ティェル
톑	ティェル
톒	ティェプ
톓	ティェル
톔	ティェム
톕	ティェプ
톖	ティェプ
톗	ティェッ
톘	ティェッ
톙	ティェン
톚	ティェッ
톛	ティェッ
톜	ティェク
톝	ティェッ
톞	ティェプ
톟	ティェッ
토	ト
톡	トク
톢	トク
톣	トク
톤	トン
톥	トン
톦	トン
톧	トッ
톨	トル
톩	トク
톪	トム
톫	トル
톬	トル
톭	トル
톮	トプ
톯	トル
톰	トム
톱	トプ
톲	トプ
톳	トッ
톴	トッ
통	トン
톶	トッ
톷	トッ
톸	トク
톹	トッ
톺	トプ
톻	トッ
톼	テゥァ
톽	テゥァク
톾	テゥァク
톿	テゥァク
퇀	テゥァン
퇁	テゥァン
퇂	テゥァン
퇃	テゥァッ
퇄	テゥァル
퇅	テゥァク
퇆	テゥァム
퇇	テゥァル
퇈	テゥァル
퇉	テゥァル
퇊	テゥァプ
퇋	テゥァル
퇌	テゥァム
퇍	テゥァプ
퇎	テゥァプ
퇏	テゥァッ
퇐	テゥァッ
퇑	テゥァン
퇒	テゥァッ
퇓	テゥァッ
퇔	テゥァク
퇕	テゥァッ
퇖	テゥァプ
퇗	テゥァッ
퇘	テゥェ
퇙	テゥェク
퇚	テゥェク
퇛	テゥェク
퇜	テゥェン
퇝	テゥェン
퇞	テゥェン
퇟	テゥェッ
퇠	テゥェル
퇡	テゥェク
퇢	テゥェム
퇣	テゥェル
퇤	テゥェル
퇥	テゥェル
퇦	テゥェプ
퇧	テゥェル
퇨	テゥェム
퇩	テゥェプ
퇪	テゥェプ
퇫	テゥェッ
퇬	テゥェッ
퇭	テゥェン
퇮	テゥェッ
퇯	テゥェッ
퇰	テゥェク
퇱	テゥェッ
퇲	テゥェプ
퇳	テゥェッ
퇴	テゥェ
퇵	テゥェク
퇶	テゥェク
퇷	テゥェク
퇸	テゥェン
퇹	テゥェン
퇺	テゥェン
퇻	テゥェッ
퇼	テゥェル
퇽	テゥェク
퇾	テゥェム
퇿	テゥェル
툀	テゥェル
툁	テゥェル
툂	テゥェプ
툃	テゥェル
툄	テゥェム
툅	テゥェプ
툆	テゥェプ
툇	テゥェッ
툈	テゥェッ
툉	テゥェン
툊	テゥェッ
툋	テゥェッ
툌	テゥェク
툍	テゥェッ
툎	テゥェプ
툏	テゥェッ
툐	テョ
툑	テョク
툒	テョク
툓	テョク
툔	テョン
툕	テョン
툖	テョン
툗	テョッ
툘	テョル
툙	テョク
툚	テョム
툛	テョル
툜	テョル
툝	テョル
툞	テョプ
툟	テョル
툠	テョム
툡	テョプ
툢	テョプ
툣	テョッ
툤	テョッ
툥	テョン
툦	テョッ
툧	テョッ
툨	テョク
툩	テョッ
툪	テョプ
툫	テョッ
투	トゥ
툭	トゥク
툮	トゥク
툯	トゥク
툰	トゥン
툱	トゥン
툲	トゥン
툳	トゥッ
툴	トゥル
툵	トゥク
툶	トゥム
툷	トゥル
툸	トゥル
툹	トゥル
툺	トゥプ
툻	トゥル
툼	トゥム
툽	トゥプ
툾	トゥプ
툿	トゥッ
퉀	トゥッ
퉁	トゥン
퉂	トゥッ
퉃	トゥッ
퉄	トゥク
퉅	トゥッ
퉆	トゥプ
퉇	トゥッ
퉈	テゥォ
퉉	テゥォク
퉊	テゥォク
퉋	テゥォク
퉌	テゥォン
퉍	テゥォン
퉎	テゥォン
퉏	テゥォッ
퉐	テゥォル
퉑	テゥォク
퉒	テゥォム
퉓	テゥォル
퉔	テゥォル
퉕	テゥォル
퉖	テゥォプ
퉗	テゥォル
퉘	テゥォム
퉙	テゥォプ
퉚	テゥォプ
퉛	テゥォッ
퉜	テゥォッ
퉝	テゥォン
퉞	テゥォッ
퉟	テゥォッ
퉠	テゥォク
퉡	テゥォッ
퉢	テゥォプ
퉣	テゥォッ
퉤	テゥェ
퉥	テゥェク
퉦	テゥェク
퉧	テゥェク
퉨	テゥェン
퉩	テゥェン
퉪	テゥェン
퉫	テゥェッ
퉬	テゥェル
퉭	テゥェク
퉮	テゥェム
퉯	テゥェル
퉰	テゥェル
퉱	テゥェル
퉲	テゥェプ
퉳	テゥェル
퉴	テゥェム
퉵	テゥェプ
퉶	テゥェプ
퉷	テゥェッ
퉸	テゥェッ
퉹	テゥェン
퉺	テゥェッ
퉻	テゥェッ
퉼	テゥェク
퉽	テゥェッ
퉾	テゥェプ
퉿	テゥェッ
튀	テゥィ
튁	テゥィク
튂	テゥィク
튃	テゥィク
튄	テゥィン
튅	テゥィン
튆	テゥィン
튇	テゥィッ
튈	テゥィル
튉	テゥィク
튊	テゥィム
튋	テゥィル
튌	テゥィル
튍	テゥィル
튎	テゥィプ
튏	テゥィル
튐	テゥィム
튑	テゥィプ
튒	テゥィプ
튓	テゥィッ
튔	テゥィッ
튕	テゥィン
튖	テゥィッ
튗	テゥィッ
튘	テゥィク
튙	テゥィッ
튚	テゥィプ
튛	テゥィッ
튜	テュ
튝	テュク
튞	テュク
튟	テュク
튠	テュン
튡	テュン
튢	テュン
튣	テュッ
튤	テュル
튥	テュク
튦	テュム
튧	テュル
튨	テュル
튩	テュル
튪	テュプ
튫	テュル
튬	テュム
튭	テュプ
튮	テュプ
튯	テュッ
튰	テュッ
튱	テュン
튲	テュッ
튳	テュッ
튴	テュク
튵	テュッ
튶	テュプ
튷	テュッ
트	トゥ
특	トゥク
튺	トゥク
튻	トゥク
튼	トゥン
튽	トゥン
튾	トゥン
튿	トゥッ
틀	トゥル
틁	トゥク
틂	トゥム
틃	トゥル
틄	トゥル
틅	トゥル
틆	トゥプ
틇	トゥル
틈	トゥム
틉	トゥプ
틊	トゥプ
틋	トゥッ
틌	トゥッ
틍	トゥン
틎	トゥッ
틏	トゥッ
틐	トゥク
틑	トゥッ
틒	トゥプ
틓	トゥッ
틔	ティ
틕	ティク
틖	ティク
틗	ティク
틘	ティン
틙	ティン
틚	ティン
틛	ティッ
틜	ティル
틝	ティク
틞	ティム
틟	ティル
틠	ティル
틡	ティル
틢	ティプ
틣	ティル
틤	ティム
틥	ティプ
틦	ティプ
틧	ティッ
틨	ティッ
틩	ティン
틪	ティッ
틫	ティッ
틬	ティク
틭	ティッ
틮	ティプ
틯	ティッ
티	ティ
틱	ティク
틲	ティク
틳	ティク
틴	ティン
틵	ティン
틶	ティン
틷	ティッ
틸	ティル
틹	ティク
틺	ティム
틻	ティル
틼	ティル
틽	ティル
틾	ティプ
틿	ティル
팀	ティム
팁	ティプ
팂	ティプ
팃	ティッ
팄	ティッ
팅	ティン
팆	ティッ
팇	ティッ
팈	ティク
팉	ティッ
팊	ティプ
팋	ティッ
파	パ
팍	パク
팎	パク
팏	パク
판	パン
팑	パン
팒	パン
팓	パッ
팔	パル
팕	パク
팖	パム
팗	パル
팘	パル
팙	パル
팚	パプ
팛	パル
팜	パム
팝	パプ
팞	パプ
팟	パッ
팠	パッ
팡	パン
팢	パッ
팣	パッ
팤	パク
팥	パッ
팦	パプ
팧	パッ
패	ペ
팩	ペク
팪	ペク
팫	ペク
팬	ペン
팭	ペン
팮	ペン
팯	ペッ
팰	ペル
팱	ペク
팲	ペム
팳	ペル
팴	ペル
팵	ペル
팶	ペプ
팷	ペル
팸	ペム
팹	ペプ
팺	ペプ
팻	ペッ
팼	ペッ
팽	ペン
팾	ペッ
팿	ペッ
퍀	ペク
퍁	ペッ
퍂	ペプ
퍃	ペッ
퍄	ピャ
퍅	ピャク
퍆	ピャク
퍇	ピャク
퍈	ピャン
퍉	ピャン
퍊	ピャン
퍋	ピャッ
퍌	ピャル
퍍	ピャク
퍎	ピャム
퍏	ピャル
퍐	ピャル
퍑	ピャル
퍒	ピャプ
퍓	ピャル
퍔	ピャム
퍕	ピャプ
퍖	ピャプ
퍗	ピャッ
퍘	ピャッ
퍙	ピャン
퍚	ピャッ
퍛	ピャッ
퍜	ピャク
퍝	ピャッ
퍞	ピャプ
퍟	ピャッ
퍠	ピェ
퍡	ピェク
퍢	ピェク
퍣	ピェク
퍤	ピェン
퍥	ピェン
퍦	ピェン
퍧	ピェッ
퍨	ピェル
퍩	ピェク
퍪	ピェム
퍫	ピェル
퍬	ピェル
퍭	ピェル
퍮	ピェプ
퍯	ピェル
퍰	ピェム
퍱	ピェプ
퍲	ピェプ
퍳	ピェッ
퍴	ピェッ
퍵	ピェン
퍶	ピェッ
퍷	ピェッ
퍸	ピェク
퍹	ピェッ
퍺	ピェプ
퍻	ピェッ
퍼	ポ
퍽	ポク
퍾	ポク
퍿	ポク
펀	ポン
펁	ポン
펂	ポン
펃	ポッ
펄	ポル
펅	ポク
펆	ポム
펇	ポル
펈	ポル
펉	ポル
펊	ポプ
펋	ポル
펌	ポム
펍	ポプ
펎	ポプ
펏	ポッ
펐	ポッ
펑	ポン
펒	ポッ
펓	ポッ
펔	ポク
펕	ポッ
펖	ポプ
펗	ポッ
페	ペ
펙	ペク
펚	ペク
펛	ペク
펜	ペン
펝	ペン
펞	ペン
펟	ペッ
펠	ペル
펡	ペク
펢	ペム
펣	ペル
펤	ペル
펥	ペル
펦	ペプ
펧	ペル
펨	ペム
펩	ペプ
펪	ペプ
펫	ペッ
펬	ペッ
펭	ペン
펮	ペッ
펯	ペッ
펰	ペク
펱	ペッ
펲	ペプ
펳	ペッ
펴	ピョ
펵	ピョク
펶	ピョク
펷	ピョク
편	ピョン
펹	ピョン
펺	ピョン
펻	ピョッ
펼	ピョル
펽	ピョク
펾	ピョム
펿	ピョル
폀	ピョル
폁	ピョル
폂	ピョプ
폃	ピョル
폄	ピョム
폅	ピョプ
폆	ピョプ
폇	ピョッ
폈	ピョッ
평	ピョン
폊	ピョッ
폋	ピョッ
폌	ピョク
폍	ピョッ
폎	ピョプ
폏	ピョッ
폐	ピェ
폑	ピェク
폒	ピェク
폓	ピェク
폔	ピェン
폕	ピェン
폖	ピェン
폗	ピェッ
폘	ピェル
폙	ピェク
폚	ピェム
폛	ピェル
폜	ピェル
폝	ピェル
폞	ピェプ
폟	ピェル
폠	ピェム
폡	ピェプ
폢	ピェプ
폣	ピェッ
폤	ピェッ
폥	ピェン
폦	ピェッ
폧	ピェッ
폨	ピェク
폩	ピェッ
폪	ピェプ
폫	ピェッ
포	ポ
폭	ポク
폮	ポク
폯	ポク
폰	ポン
폱	ポン
폲	ポン
폳	ポッ
폴	ポル
폵	ポク
폶	ポム
폷	ポル
폸	ポル
폹	ポル
폺	ポプ
폻	ポル
폼	ポム
폽	ポプ
폾	ポプ
폿	ポッ
퐀	ポッ
퐁	ポン
퐂	ポッ
퐃	ポッ
퐄	ポク
퐅	ポッ
퐆	ポプ
퐇	ポッ
퐈	プァ
퐉	プァク
퐊	プァク
퐋	プァク
퐌	プァン
퐍	プァン
퐎	プァン
퐏	プァッ
퐐	プァル
퐑	プァク
퐒	プァム
퐓	プァル
퐔	プァル
퐕	プァル
퐖	プァプ
퐗	プァル
퐘	プァム
퐙	プァプ
퐚	プァプ
퐛	プァッ
퐜	プァッ
퐝	プァン
퐞	プァッ
퐟	プァッ
퐠	プァク
퐡	プァッ
퐢	プァプ
퐣	プァッ
퐤	プェ
퐥	プェク
퐦	プェク
퐧	プェク
퐨	プェン
퐩	プェン
퐪	プェン
퐫	プェッ
퐬	プェル
퐭	プェク
퐮	プェム
퐯	プェル
퐰	プェル
퐱	プェル
퐲	プェプ
퐳	プェル
퐴	プェム
퐵	プェプ
퐶	プェプ
퐷	プェッ
퐸	プェッ
퐹	プェン
퐺	プェッ
퐻	プェッ
퐼	プェク
퐽	プェッ
퐾	プェプ
퐿	プェッ
푀	プェ
푁	プェク
푂	プェク
푃	プェク
푄	プェン
푅	プェン
푆	プェン
푇	プェッ
푈	プェル
푉	プェク
푊	プェム
푋	プェル
푌	プェル
푍	プェル
푎	プェプ
푏	プェル
푐	プェム
푑	プェプ
푒	プェプ
푓	プェッ
푔	プェッ
푕	プェン
푖	プェッ
푗	プェッ
푘	プェク
푙	プェッ
푚	プェプ
푛	プェッ
표	ピョ
푝	ピョク
푞	ピョク
푟	ピョク
푠	ピョン
푡	ピョン
푢	ピョン
푣	ピョッ
푤	ピョル
푥	ピョク
푦	ピョム
푧	ピョル
푨	ピョル
푩	ピョル
푪	ピョプ
푫	ピョル
푬	ピョム
푭	ピョプ
푮	ピョプ
푯	ピョッ
푰	ピョッ
푱	ピョン
푲	ピョッ
푳	ピョッ
푴	ピョク
푵	ピョッ
푶	ピョプ
푷	ピョッ
푸	プ
푹	プク
푺	プク
푻	プク
푼	プン
푽	プン
푾	プン
푿	プッ
풀	プル
풁	プク
풂	プム
풃	プル
풄	プル
풅	プル
풆	ププ
풇	プル
품	プム
풉	ププ
풊	ププ
풋	プッ
풌	プッ
풍	プン
풎	プッ
풏	プッ
풐	プク
풑	プッ
풒	ププ
풓	プッ
풔	プォ
풕	プォク
풖	プォク
풗	プォク
풘	プォン
풙	プォン
풚	プォン
풛	プォッ
풜	プォル
풝	プォク
풞	プォム
풟	プォル
풠	プォル
풡	プォル
풢	プォプ
풣	プォル
풤	プォム
풥	プォプ
풦	プォプ
풧	プォッ
풨	プォッ
풩	プォン
풪	プォッ
풫	プォッ
풬	プォク
풭	プォッ
풮	プォプ
풯	プォッ
풰	プェ
풱	プェク
풲	プェク
풳	プェク
풴	プェン
풵	プェン
풶	プェン
풷	プェッ
풸	プェル
풹	プェク
풺	プェム
풻	プェル
풼	プェル
풽	プェル
풾	プェプ
풿	プェル
퓀	プェム
퓁	プェプ
퓂	プェプ
퓃	プェッ
퓄	プェッ
퓅	プェン
퓆	プェッ
퓇	プェッ
퓈	プェク
퓉	プェッ
퓊	プェプ
퓋	プェッ
퓌	プィ
퓍	プィク
퓎	プィク
퓏	プィク
퓐	プィン
퓑	プィン
퓒	プィン
퓓	プィッ
퓔	プィル
퓕	プィク
퓖	プィム
퓗	プィル
퓘	プィル
퓙	プィル
퓚	プィプ
퓛	プィル
퓜	プィム
퓝	プィプ
퓞	プィプ
퓟	プィッ
퓠	プィッ
퓡	プィン
퓢	プィッ
퓣	プィッ
퓤	プィク
퓥	プィッ
퓦	プィプ
퓧	プィッ
퓨	ピュ
퓩	ピュク
퓪	ピュク
퓫	ピュク
퓬	ピュン
퓭	ピュン
퓮	ピュン
퓯	ピュッ
퓰	ピュル
퓱	ピュク
퓲	ピュム
퓳	ピュル
퓴	ピュル
퓵	ピュル
퓶	ピュプ
퓷	ピュル
퓸	ピュム
퓹	ピュプ
퓺	ピュプ
퓻	ピュッ
퓼	ピュッ
퓽	ピュン
퓾	ピュッ
퓿	ピュッ
픀	ピュク
픁	ピュッ
픂	ピュプ
픃	ピュッ
프	プ
픅	プク
픆	プク
픇	プク
픈	プン
픉	プン
픊	プン
픋	プッ
플	プル
픍	プク
픎	プム
픏	プル
픐	プル
픑	プル
픒	ププ
픓	プル
픔	プム
픕	ププ
픖	ププ
픗	プッ
픘	プッ
픙	プン
픚	プッ
픛	プッ
픜	プク
픝	プッ
픞	ププ
픟	プッ
픠	ピ
픡	ピク
픢	ピク
픣	ピク
픤	ピン
픥	ピン
픦	ピン
픧	ピッ
픨	ピル
픩	ピク
픪	ピム
픫	ピル
픬	ピル
픭	ピル
픮	ピプ
픯	ピル
픰	ピム
픱	ピプ
픲	ピプ
픳	ピッ
픴	ピッ
픵	ピン
픶	ピッ
픷	ピッ
픸	ピク
픹	ピッ
픺	ピプ
픻	ピッ
피	ピ
픽	ピク
픾	ピク
픿	ピク
핀	ピン
핁	ピン
핂	ピン
핃	ピッ
필	ピル
핅	ピク
핆	ピム
핇	ピル
핈	ピル
핉	ピル
핊	ピプ
핋	ピル
핌	ピム
핍	ピプ
핎	ピプ
핏	ピッ
핐	ピッ
핑	ピン
핒	ピッ
핓	ピッ
핔	ピク
핕	ピッ
핖	ピプ
핗	ピッ
하	ハ
학	ハク
핚	ハク
핛	ハク
한	ハン
핝	ハン
핞	ハン
핟	ハッ
할	ハル
핡	ハク
핢	ハム
핣	ハル
핤	ハル
핥	ハル
핦	ハプ
핧	ハル
함	ハム
합	ハプ
핪	ハプ
핫	ハッ
핬	ハッ
항	ハン
핮	ハッ
핯	ハッ
핰	ハク
핱	ハッ
핲	ハプ
핳	ハッ
해	ヘ
핵	ヘク
핶	ヘク
핷	ヘク
핸	ヘン
핹	ヘン
핺	ヘン
핻	ヘッ
핼	ヘル
핽	ヘク
핾	ヘム
핿	ヘル
햀	ヘル
햁	ヘル
햂	ヘプ
햃	ヘル
햄	ヘム
햅	ヘプ
햆	ヘプ
햇	ヘッ
했	ヘッ
행	ヘン
햊	ヘッ
햋	ヘッ
햌	ヘク
햍	ヘッ
햎	ヘプ
햏	ヘッ
햐	ヒャ
햑	ヒャク
햒	ヒャク
햓	ヒャク
햔	ヒャン
햕	ヒャン
햖	ヒャン
햗	ヒャッ
햘	ヒャル
햙	ヒャク
햚	ヒャム
햛	ヒャル
햜	ヒャル
햝	ヒャル
햞	ヒャプ
햟	ヒャル
햠	ヒャム
햡	ヒャプ
햢	ヒャプ
햣	ヒャッ
햤	ヒャッ
향	ヒャン
햦	ヒャッ
햧	ヒャッ
햨	ヒャク
햩	ヒャッ
햪	ヒャプ
햫	ヒャッ
햬	ヒェ
햭	ヒェク
햮	ヒェク
햯	ヒェク
햰	ヒェン
햱	ヒェン
햲	ヒェン
햳	ヒェッ
햴	ヒェル
햵	ヒェク
햶	ヒェム
햷	ヒェル
햸	ヒェル
햹	ヒェル
햺	ヒェプ
햻	ヒェル
햼	ヒェム
햽	ヒェプ
햾	ヒェプ
햿	ヒェッ
헀	ヒェッ
헁	ヒェン
헂	ヒェッ
헃	ヒェッ
헄	ヒェク
헅	ヒェッ
헆	ヒェプ
헇	ヒェッ
허	ホ
헉	ホク
헊	ホク
헋	ホク
헌	ホン
헍	ホン
헎	ホン
헏	ホッ
헐	ホル
헑	ホク
헒	ホム
헓	ホル
헔	ホル
헕	ホル
헖	ホプ
헗	ホル
험	ホム
헙	ホプ
헚	ホプ
헛	ホッ
헜	ホッ
헝	ホン
헞	ホッ
헟	ホッ
헠	ホク
헡	ホッ
헢	ホプ
헣	ホッ
헤	ヘ
헥	ヘク
헦	ヘク
헧	ヘク
헨	ヘン
헩	ヘン
헪	ヘン
헫	ヘッ
헬	ヘル
헭	ヘク
헮	ヘム
헯	ヘル
헰	ヘル
헱	ヘル
헲	ヘプ
헳	ヘル
헴	ヘム
헵	ヘプ
헶	ヘプ
헷	ヘッ
헸	ヘッ
헹	ヘン
헺	ヘッ
헻	ヘッ
헼	ヘク
헽	ヘッ
헾	ヘプ
헿	ヘッ
혀	ヒョ
혁	ヒョク
혂	ヒョク
혃	ヒョク
현	ヒョン
혅	ヒョン
혆	ヒョン
혇	ヒョッ
혈	ヒョル
혉	ヒョク
혊	ヒョム
혋	ヒョル
혌	ヒョル
혍	ヒョル
혎	ヒョプ
혏	ヒョル
혐	ヒョム
협	ヒョプ
혒	ヒョプ
혓	ヒョッ
혔	ヒョッ
형	ヒョン
혖	ヒョッ
혗	ヒョッ
혘	ヒョク
혙	ヒョッ
혚	ヒョプ
혛	ヒョッ
혜	ヒェ
혝	ヒェク
혞	ヒェク
혟	ヒェク
혠	ヒェン
혡	ヒェン
혢	ヒェン
혣	ヒェッ
혤	ヒェル
혥	ヒェク
혦	ヒェム
혧	ヒェル
혨	ヒェル
혩	ヒェル
혪	ヒェプ
혫	ヒェル
혬	ヒェム
혭	ヒェプ
혮	ヒェプ
혯	ヒェッ
혰	ヒェッ
혱	ヒェン
혲	ヒェッ
혳	ヒェッ
혴	ヒェク
혵	ヒェッ
혶	ヒェプ
혷	ヒェッ
호	ホ
혹	ホク
혺	ホク
혻	ホク
혼	ホン
혽	ホン
혾	ホン
혿	ホッ
홀	ホル
홁	ホク
홂	ホム
홃	ホル
홄	ホル
홅	ホル
홆	ホプ
홇	ホル
홈	ホム
홉	ホプ
홊	ホプ
홋	ホッ
홌	ホッ
홍	ホン
홎	ホッ
홏	ホッ
홐	ホク
홑	ホッ
홒	ホプ
홓	ホッ
화	ファ
확	ファク
홖	ファク
홗	ファク
환	ファン
홙	ファン
홚	ファン
홛	ファッ
활	ファル
홝	ファク
홞	ファム
홟	ファル
홠	ファル
홡	ファル
홢	ファプ
홣	ファル
홤	ファム
홥	ファプ
홦	ファプ
홧	ファッ
홨	ファッ
황	ファン
홪	ファッ
홫	ファッ
홬	ファク
홭	ファッ
홮	ファプ
홯	ファッ
홰	フェ
홱	フェク
홲	フェク
홳	フェク
홴	フェン
홵	フェン
홶	フェン
홷	フェッ
홸	フェル
홹	フェク
홺	フェム
홻	フェル
홼	フェル
홽	フェル
홾	フェプ
홿	フェル
횀	フェム
횁	フェプ
횂	フェプ
횃	フェッ
횄	フェッ
횅	フェン
횆	フェッ
횇	フェッ
횈	フェク
횉	フェッ
횊	フェプ
횋	フェッ
회	フェ
획	フェク
횎	フェク
횏	フェク
횐	フェン
횑	フェン
횒	フェン
횓	フェッ
횔	フェル
횕	フェク
횖	フェム
횗	フェル
횘	フェル
횙	フェル
횚	フェプ
횛	フェル
횜	フェム
횝	フェプ
횞	フェプ
횟	フェッ
횠	フェッ
횡	フェン
횢	フェッ
횣	フェッ
횤	フェク
횥	フェッ
횦	フェプ
횧	フェッ
효	ヒョ
횩	ヒョク
횪	ヒョク
횫	ヒョク
횬	ヒョン
횭	ヒョン
횮	ヒョン
횯	ヒョッ
횰	ヒョル
횱	ヒョク
횲	ヒョム
횳	ヒョル
횴	ヒョル
횵	ヒョル
횶	ヒョプ
횷	ヒョル
횸	ヒョム
횹	ヒョプ
횺	ヒョプ
횻	ヒョッ
횼	ヒョッ
횽	ヒョン
횾	ヒョッ
횿	ヒョッ
훀	ヒョク
훁	ヒョッ
훂	ヒョプ
훃	ヒョッ
후	フ
훅	フク
훆	フク
훇	フク
훈	フン
훉	フン
훊	フン
훋	フッ
훌	フル
훍	フク
훎	フム
훏	フル
훐	フル
훑	フル
훒	フプ
훓	フル
훔	フム
훕	フプ
훖	フプ
훗	フッ
훘	フッ
훙	フン
훚	フッ
훛	フッ
훜	フク
훝	フッ
훞	フプ
훟	フッ
훠	フォ
훡	フォク
훢	フォク
훣	フォク
훤	フォン
훥	フォン
훦	フォン
훧	フォッ
훨	フォル
훩	フォク
훪	フォム
훫	フォル
훬	フォル
훭	フォル
훮	フォプ
훯	フォル
훰	フォム
훱	フォプ
훲	フォプ
훳	フォッ
훴	フォッ
훵	フォン
훶	フォッ
훷	フォッ
훸	フォク
훹	フォッ
훺	フォプ
훻	フォッ
훼	フェ
훽	フェク
훾	フェク
훿	フェク
휀	フェン
휁	フェン
휂	フェン
휃	フェッ
휄	フェル
휅	フェク
휆	フェム
휇	フェル
휈	フェル
휉	フェル
휊	フェプ
휋	フェル
휌	フェム
휍	フェプ
휎	フェプ
휏	フェッ
휐	フェッ
휑	フェン
휒	フェッ
휓	フェッ
휔	フェク
휕	フェッ
휖	フェプ
휗	フェッ
휘	フィ
휙	フィク
휚	フィク
휛	フィク
휜	フィン
휝	フィン
휞	フィン
휟	フィッ
휠	フィル
휡	フィク
휢	フィム
휣	フィル
휤	フィル
휥	フィル
휦	フィプ
휧	フィル
휨	フィム
휩	フィプ
휪	フィプ
휫	フィッ
휬	フィッ
휭	フィン
휮	フィッ
휯	フィッ
휰	フィク
휱	フィッ
휲	フィプ
휳	フィッ
휴	ヒュ
휵	ヒュク
휶	ヒュク
휷	ヒュク
휸	ヒュン
휹	ヒュン
휺	ヒュン
휻	ヒュッ
휼	ヒュル
휽	ヒュク
휾	ヒュム
휿	ヒュル
흀	ヒュル
흁	ヒュル
흂	ヒュプ
흃	ヒュル
흄	ヒュム
흅	ヒュプ
흆	ヒュプ
흇	ヒュッ
흈	ヒュッ
흉	ヒュン
흊	ヒュッ
흋	ヒュッ
흌	ヒュク
흍	ヒュッ
흎	ヒュプ
흏	ヒュッ
흐	フ
흑	フク
흒	フク
흓	フク
흔	フン
흕	フン
흖	フン
흗	フッ
흘	フル
흙	フク
흚	フム
흛	フル
흜	フル
흝	フル
흞	フプ
흟	フル
흠	フム
흡	フプ
흢	フプ
흣	フッ
흤	フッ
흥	フン
흦	フッ
흧	フッ
흨	フク
흩	フッ
흪	フプ
흫	フッ
희	ヒ
흭	ヒク
흮	ヒク
흯	ヒク
흰	ヒン
흱	ヒン
흲	ヒン
흳	ヒッ
흴	ヒル
흵	ヒク
흶	ヒム
흷	ヒル
흸	ヒル
흹	ヒル
흺	ヒプ
흻	ヒル
흼	ヒム
흽	ヒプ
흾	ヒプ
흿	ヒッ
힀	ヒッ
힁	ヒン
힂	ヒッ
힃	ヒッ
힄	ヒク
힅	ヒッ
힆	ヒプ
힇	ヒッ
히	ヒ
힉	ヒク
힊	ヒク
힋	ヒク
힌	ヒン
힍	ヒン
힎	ヒン
힏	ヒッ
힐	ヒル
힑	ヒク
힒	ヒム
힓	ヒル
힔	ヒル
힕	ヒル
힖	ヒプ
힗	ヒル
힘	ヒム
힙	ヒプ
힚	ヒプ
힛	ヒッ
힜	ヒッ
힝	ヒン
힞	ヒッ
힟	ヒッ
힠	ヒク
힡	ヒッ
힢	ヒプ
힣	ヒッ
