가	加
각	加克
갂	加克
갃	加克
간	甘
갅	甘
갆	甘
갇	加特
갈	加爾
갉	加克
갊	加姆
갋	加爾
갌	加爾
갍	加爾
갎	加普
갏	加爾
감	加姆
갑	加普
값	加普
갓	加特
갔	加特
강	岡
갖	加特
갗	加特
갘	加克
같	加特
갚	加普
갛	加特
개	蓋
객	蓋克
갞	蓋克
갟	蓋克
갠	蓋恩
갡	蓋恩
갢	蓋恩
갣	蓋特
갤	蓋爾
갥	蓋克
갦	蓋姆
갧	蓋爾
갨	蓋爾
갩	蓋爾
갪	蓋普
갫	蓋爾
갬	蓋姆
갭	蓋普
갮	蓋普
갯	蓋特
갰	蓋特
갱	蓋恩
갲	蓋特
갳	蓋特
갴	蓋克
갵	蓋特
갶	蓋普
갷	蓋特
갸	加
갹	加克
갺	加克
갻	加克
갼	甘
갽	甘
갾	甘
갿	加特
걀	加爾
걁	加克
걂	加姆
걃	加爾
걄	加爾
걅	加爾
걆	加普
걇	加爾
걈	加姆
걉	加普
걊	加普
걋	加特
걌	加特
걍	岡
걎	加特
걏	加特
걐	加克
걑	加特
걒	加普
걓	加特
걔	蓋
걕	蓋克
걖	蓋克
걗	蓋克
걘	蓋恩
걙	蓋恩
걚	蓋恩
걛	蓋特
걜	蓋爾
걝	蓋克
걞	蓋姆
걟	蓋爾
걠	蓋爾
걡	蓋爾
걢	蓋普
걣	蓋爾
걤	蓋姆
걥	蓋普
걦	蓋普
걧	蓋特
걨	蓋特
걩	蓋恩
걪	蓋特
걫	蓋特
걬	蓋克
걭	蓋特
걮	蓋普
걯	蓋特
거	格
걱	格克
걲	格克
걳	格克
건	根
걵	根
걶	根
걷	格特
걸	格爾
걹	格克
걺	格姆
걻	格爾
걼	格爾
걽	格爾
걾	格普
걿	格爾
검	格姆
겁	格普
겂	格普
것	格特
겄	格特
겅	根
겆	格特
겇	格特
겈	格克
겉	格特
겊	格普
겋	格特
게	蓋
겍	蓋克
겎	蓋克
겏	蓋克
겐	蓋恩
겑	蓋恩
겒	蓋恩
겓	蓋特
겔	蓋爾
겕	蓋克
겖	蓋姆
겗	蓋爾
겘	蓋爾
겙	蓋爾
겚	蓋普
겛	蓋爾
겜	蓋姆
겝	蓋普
겞	蓋普
겟	蓋特
겠	蓋特
겡	蓋恩
겢	蓋特
겣	蓋特
겤	蓋克
겥	蓋特
겦	蓋普
겧	蓋特
겨	格
격	格克
겪	格克
겫	格克
견	根
겭	根
겮	根
겯	格特
결	格爾
겱	格克
겲	格姆
겳	格爾
겴	格爾
겵	格爾
겶	格普
겷	格爾
겸	格姆
겹	格普
겺	格普
겻	格特
겼	格特
경	根
겾	格特
겿	格特
곀	格克
곁	格特
곂	格普
곃	格特
계	蓋
곅	蓋克
곆	蓋克
곇	蓋克
곈	蓋恩
곉	蓋恩
곊	蓋恩
곋	蓋特
곌	蓋爾
곍	蓋克
곎	蓋姆
곏	蓋爾
곐	蓋爾
곑	蓋爾
곒	蓋普
곓	蓋爾
곔	蓋姆
곕	蓋普
곖	蓋普
곗	蓋特
곘	蓋特
곙	蓋恩
곚	蓋特
곛	蓋特
곜	蓋克
곝	蓋特
곞	蓋普
곟	蓋特
고	戈
곡	戈克
곢	戈克
곣	戈克
곤	貢
곥	貢
곦	貢
곧	戈特
골	戈爾
곩	戈克
곪	戈姆
곫	戈爾
곬	戈爾
곭	戈爾
곮	戈普
곯	戈爾
곰	戈姆
곱	戈普
곲	戈普
곳	戈特
곴	戈特
공	貢
곶	戈特
곷	戈特
곸	戈克
곹	戈特
곺	戈普
곻	戈特
과	加
곽	加克
곾	加克
곿	加克
관	甘
괁	甘
괂	甘
괃	加特
괄	加爾
괅	加克
괆	加姆
괇	加爾
괈	加爾
괉	加爾
괊	加普
괋	加爾
괌	加姆
괍	加普
괎	加普
괏	加特
괐	加特
광	岡
괒	加特
괓	加特
괔	加克
괕	加特
괖	加普
괗	加特
괘	蓋
괙	蓋克
괚	蓋克
괛	蓋克
괜	蓋恩
괝	蓋恩
괞	蓋恩
괟	蓋特
괠	蓋爾
괡	蓋克
괢	蓋姆
괣	蓋爾
괤	蓋爾
괥	蓋爾
괦	蓋普
괧	蓋爾
괨	蓋姆
괩	蓋普
괪	蓋普
괫	蓋特
괬	蓋特
괭	蓋恩
괮	蓋特
괯	蓋特
괰	蓋克
괱	蓋特
괲	蓋普
괳	蓋特
괴	蓋
괵	蓋克
괶	蓋克
괷	蓋克
괸	蓋恩
괹	蓋恩
괺	蓋恩
괻	蓋特
괼	蓋爾
괽	蓋克
괾	蓋姆
괿	蓋爾
굀	蓋爾
굁	蓋爾
굂	蓋普
굃	蓋爾
굄	蓋姆
굅	蓋普
굆	蓋普
굇	蓋特
굈	蓋特
굉	蓋恩
굊	蓋特
굋	蓋特
굌	蓋克
굍	蓋特
굎	蓋普
굏	蓋特
교	戈
굑	戈克
굒	戈克
굓	戈克
굔	貢
굕	貢
굖	貢
굗	戈特
굘	戈爾
굙	戈克
굚	戈姆
굛	戈爾
굜	戈爾
굝	戈爾
굞	戈普
굟	戈爾
굠	戈姆
굡	戈普
굢	戈普
굣	戈特
굤	戈特
굥	貢
굦	戈特
굧	戈特
굨	戈克
굩	戈特
굪	戈普
굫	戈特
구	古
국	古克
굮	古克
굯	古克
군	貢
굱	貢
굲	貢
굳	古特
굴	古爾
굵	古克
굶	古姆
굷	古爾
굸	古爾
굹	古爾
굺	古普
굻	古爾
굼	古姆
굽	古普
굾	古普
굿	古特
궀	古特
궁	貢
궂	古特
궃	古特
궄	古克
궅	古特
궆	古普
궇	古特
궈	格
궉	格克
궊	格克
궋	格克
권	根
궍	根
궎	根
궏	格特
궐	格爾
궑	格克
궒	格姆
궓	格爾
궔	格爾
궕	格爾
궖	格普
궗	格爾
궘	格姆
궙	格普
궚	格普
궛	格特
궜	格特
궝	根
궞	格特
궟	格特
궠	格克
궡	格特
궢	格普
궣	格特
궤	蓋
궥	蓋克
궦	蓋克
궧	蓋克
궨	蓋恩
궩	蓋恩
궪	蓋恩
궫	蓋特
궬	蓋爾
궭	蓋克
궮	蓋姆
궯	蓋爾
궰	蓋爾
궱	蓋爾
궲	蓋普
궳	蓋爾
궴	蓋姆
궵	蓋普
궶	蓋普
궷	蓋特
궸	蓋特
궹	蓋恩
궺	蓋特
궻	蓋特
궼	蓋克
궽	蓋特
궾	蓋普
궿	蓋特
귀	吉
귁	吉克
귂	吉克
귃	吉克
귄	金
귅	金
귆	金
귇	吉特
귈	吉爾
귉	吉克
귊	吉姆
귋	吉爾
귌	吉爾
귍	吉爾
귎	吉普
귏	吉爾
귐	吉姆
귑	吉普
귒	吉普
귓	吉特
귔	吉特
귕	京
귖	吉特
귗	吉特
귘	吉克
귙	吉特
귚	吉普
귛	吉特
규	古
귝	古克
귞	古克
귟	古克
균	貢
귡	貢
귢	貢
귣	古特
귤	古爾
귥	古克
귦	古姆
귧	古爾
귨	古爾
귩	古爾
귪	古普
귫	古爾
귬	古姆
귭	古普
귮	古普
귯	古特
귰	古特
귱	貢
귲	古特
귳	古特
귴	古克
귵	古特
귶	古普
귷	古特
그	古
극	古克
귺	古克
귻	古克
근	貢
귽	貢
귾	貢
귿	古特
글	古爾
긁	古克
긂	古姆
긃	古爾
긄	古爾
긅	古爾
긆	古普
긇	古爾
금	古姆
급	古普
긊	古普
긋	古特
긌	古特
긍	貢
긎	古特
긏	古特
긐	古克
긑	古特
긒	古普
긓	古特
긔	吉
긕	吉克
긖	吉克
긗	吉克
긘	金
긙	金
긚	金
긛	吉特
긜	吉爾
긝	吉克
긞	吉姆
긟	吉爾
긠	吉爾
긡	吉爾
긢	吉普
긣	吉爾
긤	吉姆
긥	吉普
긦	吉普
긧	吉特
긨	吉特
긩	京
긪	吉特
긫	吉特
긬	吉克
긭	吉特
긮	吉普
긯	吉特
기	吉
긱	吉克
긲	吉克
긳	吉克
긴	金
긵	金
긶	金
긷	吉特
길	吉爾
긹	吉克
긺	吉姆
긻	吉爾
긼	吉爾
긽	吉爾
긾	吉普
긿	吉爾
김	吉姆
깁	吉普
깂	吉普
깃	吉特
깄	吉特
깅	京
깆	吉特
깇	吉特
깈	吉克
깉	吉特
깊	吉普
깋	吉特
까	加
깍	加克
깎	加克
깏	加克
깐	甘
깑	甘
깒	甘
깓	加特
깔	加爾
깕	加克
깖	加姆
깗	加爾
깘	加爾
깙	加爾
깚	加普
깛	加爾
깜	加姆
깝	加普
깞	加普
깟	加特
깠	加特
깡	岡
깢	加特
깣	加特
깤	加克
깥	加特
깦	加普
깧	加特
깨	蓋
깩	蓋克
깪	蓋克
깫	蓋克
깬	蓋恩
깭	蓋恩
깮	蓋恩
깯	蓋特
깰	蓋爾
깱	蓋克
깲	蓋姆
깳	蓋爾
깴	蓋爾
깵	蓋爾
깶	蓋普
깷	蓋爾
깸	蓋姆
깹	蓋普
깺	蓋普
깻	蓋特
깼	蓋特
깽	蓋恩
깾	蓋特
깿	蓋特
꺀	蓋克
꺁	蓋特
꺂	蓋普
꺃	蓋特
꺄	加
꺅	加克
꺆	加克
꺇	加克
꺈	甘
꺉	甘
꺊	甘
꺋	加特
꺌	加爾
꺍	加克
꺎	加姆
꺏	加爾
꺐	加爾
꺑	加爾
꺒	加普
꺓	加爾
꺔	加姆
꺕	加普
꺖	加普
꺗	加特
꺘	加特
꺙	岡
꺚	加特
꺛	加特
꺜	加克
꺝	加特
꺞	加普
꺟	加特
꺠	蓋
꺡	蓋克
꺢	蓋克
꺣	蓋克
꺤	蓋恩
꺥	蓋恩
꺦	蓋恩
꺧	蓋特
꺨	蓋爾
꺩	蓋克
꺪	蓋姆
꺫	蓋爾
꺬	蓋爾
꺭	蓋爾
꺮	蓋普
꺯	蓋爾
꺰	蓋姆
꺱	蓋普
꺲	蓋普
꺳	蓋特
꺴	蓋特
꺵	蓋恩
꺶	蓋特
꺷	蓋特
꺸	蓋克
꺹	蓋特
꺺	蓋普
꺻	蓋特
꺼	格
꺽	格克
꺾	格克
꺿	格克
껀	根
껁	根
껂	根
껃	格特
껄	格爾
껅	格克
껆	格姆
껇	格爾
껈	格爾
껉	格爾
껊	格普
껋	格爾
껌	格姆
껍	格普
껎	格普
껏	格特
껐	格特
껑	根
껒	格特
껓	格特
껔	格克
껕	格特
껖	格普
껗	格特
께	蓋
껙	蓋克
껚	蓋克
껛	蓋克
껜	蓋恩
껝	蓋恩
껞	蓋恩
껟	蓋特
껠	蓋爾
껡	蓋克
껢	蓋姆
껣	蓋爾
껤	蓋爾
껥	蓋爾
껦	蓋普
껧	蓋爾
껨	蓋姆
껩	蓋普
껪	蓋普
껫	蓋特
껬	蓋特
껭	蓋恩
껮	蓋特
껯	蓋特
껰	蓋克
껱	蓋特
껲	蓋普
껳	蓋特
껴	格
껵	格克
껶	格克
껷	格克
껸	根
껹	根
껺	根
껻	格特
껼	格爾
껽	格克
껾	格姆
껿	格爾
꼀	格爾
꼁	格爾
꼂	格普
꼃	格爾
꼄	格姆
꼅	格普
꼆	格普
꼇	格特
꼈	格特
꼉	根
꼊	格特
꼋	格特
꼌	格克
꼍	格特
꼎	格普
꼏	格特
꼐	蓋
꼑	蓋克
꼒	蓋克
꼓	蓋克
꼔	蓋恩
꼕	蓋恩
꼖	蓋恩
꼗	蓋特
꼘	蓋爾
꼙	蓋克
꼚	蓋姆
꼛	蓋爾
꼜	蓋爾
꼝	蓋爾
꼞	蓋普
꼟	蓋爾
꼠	蓋姆
꼡	蓋普
꼢	蓋普
꼣	蓋特
꼤	蓋特
꼥	蓋恩
꼦	蓋特
꼧	蓋特
꼨	蓋克
꼩	蓋特
꼪	蓋普
꼫	蓋特
꼬	戈
꼭	戈克
꼮	戈克
꼯	戈克
꼰	貢
꼱	貢
꼲	貢
꼳	戈特
꼴	戈爾
꼵	戈克
꼶	戈姆
꼷	戈爾
꼸	戈爾
꼹	戈爾
꼺	戈普
꼻	戈爾
꼼	戈姆
꼽	戈普
꼾	戈普
꼿	戈特
꽀	戈特
꽁	貢
꽂	戈特
꽃	戈特
꽄	戈克
꽅	戈特
꽆	戈普
꽇	戈特
꽈	加
꽉	加克
꽊	加克
꽋	加克
꽌	甘
꽍	甘
꽎	甘
꽏	加特
꽐	加爾
꽑	加克
꽒	加姆
꽓	加爾
꽔	加爾
꽕	加爾
꽖	加普
꽗	加爾
꽘	加姆
꽙	加普
꽚	加普
꽛	加特
꽜	加特
꽝	岡
꽞	加特
꽟	加特
꽠	加克
꽡	加特
꽢	加普
꽣	加特
꽤	蓋
꽥	蓋克
꽦	蓋克
꽧	蓋克
꽨	蓋恩
꽩	蓋恩
꽪	蓋恩
꽫	蓋特
꽬	蓋爾
꽭	蓋克
꽮	蓋姆
꽯	蓋爾
꽰	蓋爾
꽱	蓋爾
꽲	蓋普
꽳	蓋爾
꽴	蓋姆
꽵	蓋普
꽶	蓋普
꽷	蓋特
꽸	蓋特
꽹	蓋恩
꽺	蓋特
꽻	蓋特
꽼	蓋克
꽽	蓋特
꽾	蓋普
꽿	蓋特
꾀	蓋
꾁	蓋克
꾂	蓋克
꾃	蓋克
꾄	蓋恩
꾅	蓋恩
꾆	蓋恩
꾇	蓋特
꾈	蓋爾
꾉	蓋克
꾊	蓋姆
꾋	蓋爾
꾌	蓋爾
꾍	蓋爾
꾎	蓋普
꾏	蓋爾
꾐	蓋姆
꾑	蓋普
꾒	蓋普
꾓	蓋特
꾔	蓋特
꾕	蓋恩
꾖	蓋特
꾗	蓋特
꾘	蓋克
꾙	蓋特
꾚	蓋普
꾛	蓋特
꾜	戈
꾝	戈克
꾞	戈克
꾟	戈克
꾠	貢
꾡	貢
꾢	貢
꾣	戈特
꾤	戈爾
꾥	戈克
꾦	戈姆
꾧	戈爾
꾨	戈爾
꾩	戈爾
꾪	戈普
꾫	戈爾
꾬	戈姆
꾭	戈普
꾮	戈普
꾯	戈特
꾰	戈特
꾱	貢
꾲	戈特
꾳	戈特
꾴	戈克
꾵	戈特
꾶	戈普
꾷	戈特
꾸	古
꾹	古克
꾺	古克
꾻	古克
꾼	貢
꾽	貢
꾾	貢
꾿	古特
꿀	古爾
꿁	古克
꿂	古姆
꿃	古爾
꿄	古爾
꿅	古爾
꿆	古普
꿇	古爾
꿈	古姆
꿉	古普
꿊	古普
꿋	古特
꿌	古特
꿍	貢
꿎	古特
꿏	古特
꿐	古克
꿑	古特
꿒	古普
꿓	古特
꿔	格
꿕	格克
꿖	格克
꿗	格克
꿘	根
꿙	根
꿚	根
꿛	格特
꿜	格爾
꿝	格克
꿞	格姆
꿟	格爾
꿠	格爾
꿡	格爾
꿢	格普
꿣	格爾
꿤	格姆
꿥	格普
꿦	格普
꿧	格特
꿨	格特
꿩	根
꿪	格特
꿫	格特
꿬	格克
꿭	格特
꿮	格普
꿯	格特
꿰	蓋
꿱	蓋克
꿲	蓋克
꿳	蓋克
꿴	蓋恩
꿵	蓋恩
꿶	蓋恩
꿷	蓋特
꿸	蓋爾
꿹	蓋克
꿺	蓋姆
꿻	蓋爾
꿼	蓋爾
꿽	蓋爾
꿾	蓋普
꿿	蓋爾
뀀	蓋姆
뀁	蓋普
뀂	蓋普
뀃	蓋特
뀄	蓋特
뀅	蓋恩
뀆	蓋特
뀇	蓋特
뀈	蓋克
뀉	蓋特
뀊	蓋普
뀋	蓋特
뀌	吉
뀍	吉克
뀎	吉克
뀏	吉克
뀐	金
뀑	金
뀒	金
뀓	吉特
뀔	吉爾
뀕	吉克
뀖	吉姆
뀗	吉爾
뀘	吉爾
뀙	吉爾
뀚	吉普
뀛	吉爾
뀜	吉姆
뀝	吉普
뀞	吉普
뀟	吉特
뀠	吉特
뀡	京
뀢	吉特
뀣	吉特
뀤	吉克
뀥	吉特
뀦	吉普
뀧	吉特
뀨	古
뀩	古克
뀪	古克
뀫	古克
뀬	貢
뀭	貢
뀮	貢
뀯	古特
뀰	古爾
뀱	古克
뀲	古姆
뀳	古爾
뀴	古爾
뀵	古爾
뀶	古普
뀷	古爾
뀸	古姆
뀹	古普
뀺	古普
뀻	古特
뀼	古特
뀽	貢
뀾	古特
뀿	古特
끀	古克
끁	古特
끂	古普
끃	古特
끄	古
끅	古克
끆	古克
끇	古克
끈	貢
끉	貢
끊	貢
끋	古特
끌	古爾
끍	古克
끎	古姆
끏	古爾
끐	古爾
끑	古爾
끒	古普
끓	古爾
끔	古姆
끕	古普
끖	古普
끗	古特
끘	古特
끙	貢
끚	古特
끛	古特
끜	古克
끝	古特
끞	古普
끟	古特
끠	吉
끡	吉克
끢	吉克
끣	吉克
끤	金
끥	金
끦	金
끧	吉特
끨	吉爾
끩	吉克
끪	吉姆
끫	吉爾
끬	吉爾
끭	吉爾
끮	吉普
끯	吉爾
끰	吉姆
끱	吉普
끲	吉普
끳	吉特
끴	吉特
끵	京
끶	吉特
끷	吉特
끸	吉克
끹	吉特
끺	吉普
끻	吉特
끼	吉
끽	吉克
끾	吉克
끿	吉克
낀	金
낁	金
낂	金
낃	吉特
낄	吉爾
낅	吉克
낆	吉姆
낇	吉爾
낈	吉爾
낉	吉爾
낊	吉普
낋	吉爾
낌	吉姆
낍	吉普
낎	吉普
낏	吉特
낐	吉特
낑	京
낒	吉特
낓	吉特
낔	吉克
낕	吉特
낖	吉普
낗	吉特
나	納
낙	納克
낚	納克
낛	納克
난	南
낝	南
낞	南
낟	納特
날	納爾
낡	納克
낢	納姆
낣	納爾
낤	納爾
낥	納爾
낦	納普
낧	納爾
남	納姆
납	納普
낪	納普
낫	納特
났	納特
낭	南
낮	納特
낯	納特
낰	納克
낱	納特
낲	納普
낳	納特
내	內
낵	內克
낶	內克
낷	內克
낸	內恩
낹	內恩
낺	內恩
낻	內特
낼	內爾
낽	內克
낾	內姆
낿	內爾
냀	內爾
냁	內爾
냂	內普
냃	內爾
냄	內姆
냅	內普
냆	內普
냇	內特
냈	內特
냉	內恩
냊	內特
냋	內特
냌	內克
냍	內特
냎	內普
냏	內特
냐	納
냑	納克
냒	納克
냓	納克
냔	南
냕	南
냖	南
냗	納特
냘	納爾
냙	納克
냚	納姆
냛	納爾
냜	納爾
냝	納爾
냞	納普
냟	納爾
냠	納姆
냡	納普
냢	納普
냣	納特
냤	納特
냥	南
냦	納特
냧	納特
냨	納克
냩	納特
냪	納普
냫	納特
냬	內
냭	內克
냮	內克
냯	內克
냰	內恩
냱	內恩
냲	內恩
냳	內特
냴	內爾
냵	內克
냶	內姆
냷	內爾
냸	內爾
냹	內爾
냺	內普
냻	內爾
냼	內姆
냽	內普
냾	內普
냿	內特
넀	內特
넁	內恩
넂	內特
넃	內特
넄	內克
넅	內特
넆	內普
넇	內特
너	訥
넉	訥克
넊	訥克
넋	訥克
넌	嫩
넍	嫩
넎	嫩
넏	訥特
널	訥爾
넑	訥克
넒	訥姆
넓	訥爾
넔	訥爾
넕	訥爾
넖	訥普
넗	訥爾
넘	訥姆
넙	訥普
넚	訥普
넛	訥特
넜	訥特
넝	嫩
넞	訥特
넟	訥特
넠	訥克
넡	訥特
넢	訥普
넣	訥特
네	內
넥	內克
넦	內克
넧	內克
넨	內恩
넩	內恩
넪	內恩
넫	內特
넬	內爾
넭	內克
넮	內姆
넯	內爾
넰	內爾
넱	內爾
넲	內普
넳	內爾
넴	內姆
넵	內普
넶	內普
넷	內特
넸	內特
넹	內恩
넺	內特
넻	內特
넼	內克
넽	內特
넾	內普
넿	內特
녀	訥
녁	訥克
녂	訥克
녃	訥克
년	嫩
녅	嫩
녆	嫩
녇	訥特
녈	訥爾
녉	訥克
녊	訥姆
녋	訥爾
녌	訥爾
녍	訥爾
녎	訥普
녏	訥爾
념	訥姆
녑	訥普
녒	訥普
녓	訥特
녔	訥特
녕	嫩
녖	訥特
녗	訥特
녘	訥克
녙	訥特
녚	訥普
녛	訥特
녜	內
녝	內克
녞	內克
녟	內克
녠	內恩
녡	內恩
녢	內恩
녣	內特
녤	內爾
녥	內克
녦	內姆
녧	內爾
녨	內爾
녩	內爾
녪	內普
녫	內爾
녬	內姆
녭	內普
녮	內普
녯	內特
녰	內特
녱	內恩
녲	內特
녳	內特
녴	內克
녵	內特
녶	內普
녷	內特
노	諾
녹	諾克
녺	諾克
녻	諾克
논	農
녽	農
녾	農
녿	諾特
놀	諾爾
놁	諾克
놂	諾姆
놃	諾爾
놄	諾爾
놅	諾爾
놆	諾普
놇	諾爾
놈	諾姆
놉	諾普
놊	諾普
놋	諾特
놌	諾特
농	農
놎	諾特
놏	諾特
놐	諾克
놑	諾特
높	諾普
놓	諾特
놔	納
놕	納克
놖	納克
놗	納克
놘	南
놙	南
놚	南
놛	納特
놜	納爾
놝	納克
놞	納姆
놟	納爾
놠	納爾
놡	納爾
놢	納普
놣	納爾
놤	納姆
놥	納普
놦	納普
놧	納特
놨	納特
놩	南
놪	納特
놫	納特
놬	納克
놭	納特
놮	納普
놯	納特
놰	內
놱	內克
놲	內克
놳	內克
놴	內恩
놵	內恩
놶	內恩
놷	內特
놸	內爾
놹	內克
놺	內姆
놻	內爾
놼	內爾
놽	內爾
놾	內普
놿	內爾
뇀	內姆
뇁	內普
뇂	內普
뇃	內特
뇄	內特
뇅	內恩
뇆	內特
뇇	內特
뇈	內克
뇉	內特
뇊	內普
뇋	內特
뇌	內
뇍	內克
뇎	內克
뇏	內克
뇐	內恩
뇑	內恩
뇒	內恩
뇓	內特
뇔	內爾
뇕	內克
뇖	內姆
뇗	內爾
뇘	內爾
뇙	內爾
뇚	內普
뇛	內爾
뇜	內姆
뇝	內普
뇞	內普
뇟	內特
뇠	內特
뇡	內恩
뇢	內特
뇣	內特
뇤	內克
뇥	內特
뇦	內普
뇧	內特
뇨	諾
뇩	諾克
뇪	諾克
뇫	諾克
뇬	農
뇭	農
뇮	農
뇯	諾特
뇰	諾爾
뇱	諾克
뇲	諾姆
뇳	諾爾
뇴	諾爾
뇵	諾爾
뇶	諾普
뇷	諾爾
뇸	諾姆
뇹	諾普
뇺	諾普
뇻	諾特
뇼	諾特
뇽	農
뇾	諾特
뇿	諾特
눀	諾克
눁	諾特
눂	諾普
눃	諾特
누	努
눅	努克
눆	努克
눇	努克
눈	農
눉	農
눊	農
눋	努特
눌	努爾
눍	努克
눎	努姆
눏	努爾
눐	努爾
눑	努爾
눒	努普
눓	努爾
눔	努姆
눕	努普
눖	努普
눗	努特
눘	努特
눙	農
눚	努特
눛	努特
눜	努克
눝	努特
눞	努普
눟	努特
눠	訥
눡	訥克
눢	訥克
눣	訥克
눤	嫩
눥	嫩
눦	嫩
눧	訥特
눨	訥爾
눩	訥克
눪	訥姆
눫	訥爾
눬	訥爾
눭	訥爾
눮	訥普
눯	訥爾
눰	訥姆
눱	訥普
눲	訥普
눳	訥特
눴	訥特
눵	嫩
눶	訥特
눷	訥特
눸	訥克
눹	訥特
눺	訥普
눻	訥特
눼	內
눽	內克
눾	內克
눿	內克
뉀	內恩
뉁	內恩
뉂	內恩
뉃	內特
뉄	內爾
뉅	內克
뉆	內姆
뉇	內爾
뉈	內爾
뉉	內爾
뉊	內普
뉋	內爾
뉌	內姆
뉍	內普
뉎	內普
뉏	內特
뉐	內特
뉑	內恩
뉒	內特
뉓	內特
뉔	內克
뉕	內特
뉖	內普
뉗	內特
뉘	尼
뉙	尼克
뉚	尼克
뉛	尼克
뉜	寧
뉝	寧
뉞	寧
뉟	尼特
뉠	尼爾
뉡	尼克
뉢	尼姆
뉣	尼爾
뉤	尼爾
뉥	尼爾
뉦	尼普
뉧	尼爾
뉨	尼姆
뉩	尼普
뉪	尼普
뉫	尼特
뉬	尼特
뉭	寧
뉮	尼特
뉯	尼特
뉰	尼克
뉱	尼特
뉲	尼普
뉳	尼特
뉴	努
뉵	努克
뉶	努克
뉷	努克
뉸	農
뉹	農
뉺	農
뉻	努特
뉼	努爾
뉽	努克
뉾	努姆
뉿	努爾
늀	努爾
늁	努爾
늂	努普
늃	努爾
늄	努姆
늅	努普
늆	努普
늇	努特
늈	努特
늉	農
늊	努特
늋	努特
늌	努克
늍	努特
늎	努普
늏	努特
느	努
늑	努克
늒	努克
늓	努克
는	農
늕	農
늖	農
늗	努特
늘	努爾
늙	努克
늚	努姆
늛	努爾
늜	努爾
늝	努爾
늞	努普
늟	努爾
늠	努姆
늡	努普
늢	努普
늣	努特
늤	努特
능	農
늦	努特
늧	努特
늨	努克
늩	努特
늪	努普
늫	努特
늬	尼
늭	尼克
늮	尼克
늯	尼克
늰	寧
늱	寧
늲	寧
늳	尼特
늴	尼爾
늵	尼克
늶	尼姆
늷	尼爾
늸	尼爾
늹	尼爾
늺	尼普
늻	尼爾
늼	尼姆
늽	尼普
늾	尼普
늿	尼特
닀	尼特
닁	寧
닂	尼特
닃	尼特
닄	尼克
닅	尼特
닆	尼普
닇	尼特
니	尼
닉	尼克
닊	尼克
닋	尼克
닌	寧
닍	寧
닎	寧
닏	尼特
닐	尼爾
닑	尼克
닒	尼姆
닓	尼爾
닔	尼爾
닕	尼爾
닖	尼普
닗	尼爾
님	尼姆
닙	尼普
닚	尼普
닛	尼特
닜	尼特
닝	寧
닞	尼特
닟	尼特
닠	尼克
닡	尼特
닢	尼普
닣	尼特
다	達
닥	達克
닦	達克
닧	達克
단	丹
닩	丹
닪	丹
닫	達特
달	達爾
닭	達克
닮	達姆
닯	達爾
닰	達爾
닱	達爾
닲	達普
닳	達爾
담	達姆
답	達普
닶	達普
닷	達特
닸	達特
당	當
닺	達特
닻	達特
닼	達克
닽	達特
닾	達普
닿	達特
대	戴
댁	戴克
댂	戴克
댃	戴克
댄	戴恩
댅	戴恩
댆	戴恩
댇	戴特
댈	戴爾
댉	戴克
댊	戴姆
댋	戴爾
댌	戴爾
댍	戴爾
댎	戴普
댏	戴爾
댐	戴姆
댑	戴普
댒	戴普
댓	戴特
댔	戴特
댕	戴恩
댖	戴特
댗	戴特
댘	戴克
댙	戴特
댚	戴普
댛	戴特
댜	達
댝	達克
댞	達克
댟	達克
댠	丹
댡	丹
댢	丹
댣	達特
댤	達爾
댥	達克
댦	達姆
댧	達爾
댨	達爾
댩	達爾
댪	達普
댫	達爾
댬	達姆
댭	達普
댮	達普
댯	達特
댰	達特
댱	當
댲	達特
댳	達特
댴	達克
댵	達特
댶	達普
댷	達特
댸	戴
댹	戴克
댺	戴克
댻	戴克
댼	戴恩
댽	戴恩
댾	戴恩
댿	戴特
덀	戴爾
덁	戴克
덂	戴姆
덃	戴爾
덄	戴爾
덅	戴爾
덆	戴普
덇	戴爾
덈	戴姆
덉	戴普
덊	戴普
덋	戴特
덌	戴特
덍	戴恩
덎	戴特
덏	戴特
덐	戴克
덑	戴特
덒	戴普
덓	戴特
더	德
덕	德克
덖	德克
덗	德克
던	登
덙	登
덚	登
덛	德特
덜	德爾
덝	德克
덞	德姆
덟	德爾
덠	德爾
덡	德爾
덢	德普
덣	德爾
덤	德姆
덥	德普
덦	德普
덧	德特
덨	德特
덩	登
덪	德特
덫	德特
덬	德克
덭	德特
덮	德普
덯	德特
데	戴
덱	戴克
덲	戴克
덳	戴克
덴	戴恩
덵	戴恩
덶	戴恩
덷	戴特
델	戴爾
덹	戴克
덺	戴姆
덻	戴爾
덼	戴爾
덽	戴爾
덾	戴普
덿	戴爾
뎀	戴姆
뎁	戴普
뎂	戴普
뎃	戴特
뎄	戴特
뎅	戴恩
뎆	戴特
뎇	戴特
뎈	戴克
뎉	戴特
뎊	戴普
뎋	戴特
뎌	德
뎍	德克
뎎	德克
뎏	德克
뎐	登
뎑	登
뎒	登
뎓	德特
뎔	德爾
뎕	德克
뎖	德姆
뎗	德爾
뎘	德爾
뎙	德爾
뎚	德普
뎛	德爾
뎜	德姆
뎝	德普
뎞	德普
뎟	德特
뎠	德特
뎡	登
뎢	德特
뎣	德特
뎤	德克
뎥	德特
뎦	德普
뎧	德特
뎨	戴
뎩	戴克
뎪	戴克
뎫	戴克
뎬	戴恩
뎭	戴恩
뎮	戴恩
뎯	戴特
뎰	戴爾
뎱	戴克
뎲	戴姆
뎳	戴爾
뎴	戴爾
뎵	戴爾
뎶	戴普
뎷	戴爾
뎸	戴姆
뎹	戴普
뎺	戴普
뎻	戴特
뎼	戴特
뎽	戴恩
뎾	戴特
뎿	戴特
돀	戴克
돁	戴特
돂	戴普
돃	戴特
도	多
독	多克
돆	多克
돇	多克
돈	敦
돉	敦
돊	敦
돋	多特
돌	多爾
돍	多克
돎	多姆
돏	多爾
돐	多爾
돑	多爾
돒	多普
돓	多爾
돔	多姆
돕	多普
돖	多普
돗	多特
돘	多特
동	敦
돚	多特
돛	多特
돜	多克
돝	多特
돞	多普
돟	多特
돠	達
돡	達克
돢	達克
돣	達克
돤	丹
돥	丹
돦	丹
돧	達特
돨	達爾
돩	達克
돪	達姆
돫	達爾
돬	達爾
돭	達爾
돮	達普
돯	達爾
돰	達姆
돱	達普
돲	達普
돳	達特
돴	達特
돵	當
돶	達特
돷	達特
돸	達克
돹	達特
돺	達普
돻	達特
돼	戴
돽	戴克
돾	戴克
돿	戴克
됀	戴恩
됁	戴恩
됂	戴恩
됃	戴特
됄	戴爾
됅	戴克
됆	戴姆
됇	戴爾
됈	戴爾
됉	戴爾
됊	戴普
됋	戴爾
됌	戴姆
됍	戴普
됎	戴普
됏	戴特
됐	戴特
됑	戴恩
됒	戴特
됓	戴特
됔	戴克
됕	戴特
됖	戴普
됗	戴特
되	戴
됙	戴克
됚	戴克
됛	戴克
된	戴恩
됝	戴恩
됞	戴恩
됟	戴特
될	戴爾
됡	戴克
됢	戴姆
됣	戴爾
됤	戴爾
됥	戴爾
됦	戴普
됧	戴爾
됨	戴姆
됩	戴普
됪	戴普
됫	戴特
됬	戴特
됭	戴恩
됮	戴特
됯	戴特
됰	戴克
됱	戴特
됲	戴普
됳	戴特
됴	多
됵	多克
됶	多克
됷	多克
됸	敦
됹	敦
됺	敦
됻	多特
됼	多爾
됽	多克
됾	多姆
됿	多爾
둀	多爾
둁	多爾
둂	多普
둃	多爾
둄	多姆
둅	多普
둆	多普
둇	多特
둈	多特
둉	敦
둊	多特
둋	多特
둌	多克
둍	多特
둎	多普
둏	多特
두	杜
둑	杜克
둒	杜克
둓	杜克
둔	敦
둕	敦
둖	敦
둗	杜特
둘	杜爾
둙	杜克
둚	杜姆
둛	杜爾
둜	杜爾
둝	杜爾
둞	杜普
둟	杜爾
둠	杜姆
둡	杜普
둢	杜普
둣	杜特
둤	杜特
둥	敦
둦	杜特
둧	杜特
둨	杜克
둩	杜特
둪	杜普
둫	杜特
둬	德
둭	德克
둮	德克
둯	德克
둰	登
둱	登
둲	登
둳	德特
둴	德爾
둵	德克
둶	德姆
둷	德爾
둸	德爾
둹	德爾
둺	德普
둻	德爾
둼	德姆
둽	德普
둾	德普
둿	德特
뒀	德特
뒁	登
뒂	德特
뒃	德特
뒄	德克
뒅	德特
뒆	德普
뒇	德特
뒈	戴
뒉	戴克
뒊	戴克
뒋	戴克
뒌	戴恩
뒍	戴恩
뒎	戴恩
뒏	戴特
뒐	戴爾
뒑	戴克
뒒	戴姆
뒓	戴爾
뒔	戴爾
뒕	戴爾
뒖	戴普
뒗	戴爾
뒘	戴姆
뒙	戴普
뒚	戴普
뒛	戴特
뒜	戴特
뒝	戴恩
뒞	戴特
뒟	戴特
뒠	戴克
뒡	戴特
뒢	戴普
뒣	戴特
뒤	迪
뒥	迪克
뒦	迪克
뒧	迪克
뒨	丁
뒩	丁
뒪	丁
뒫	迪特
뒬	迪爾
뒭	迪克
뒮	迪姆
뒯	迪爾
뒰	迪爾
뒱	迪爾
뒲	迪普
뒳	迪爾
뒴	迪姆
뒵	迪普
뒶	迪普
뒷	迪特
뒸	迪特
뒹	丁
뒺	迪特
뒻	迪特
뒼	迪克
뒽	迪特
뒾	迪普
뒿	迪特
듀	杜
듁	杜克
듂	杜克
듃	杜克
듄	敦
듅	敦
듆	敦
듇	杜特
듈	杜爾
듉	杜克
듊	杜姆
듋	杜爾
듌	杜爾
듍	杜爾
듎	杜普
듏	杜爾
듐	杜姆
듑	杜普
듒	杜普
듓	杜特
듔	杜特
듕	敦
듖	杜特
듗	杜特
듘	杜克
듙	杜特
듚	杜普
듛	杜特
드	杜
득	杜克
듞	杜克
듟	杜克
든	敦
듡	敦
듢	敦
듣	杜特
들	杜爾
듥	杜克
듦	杜姆
듧	杜爾
듨	杜爾
듩	杜爾
듪	杜普
듫	杜爾
듬	杜姆
듭	杜普
듮	杜普
듯	杜特
듰	杜特
등	敦
듲	杜特
듳	杜特
듴	杜克
듵	杜特
듶	杜普
듷	杜特
듸	迪
듹	迪克
듺	迪克
듻	迪克
듼	丁
듽	丁
듾	丁
듿	迪特
딀	迪爾
딁	迪克
딂	迪姆
딃	迪爾
딄	迪爾
딅	迪爾
딆	迪普
딇	迪爾
딈	迪姆
딉	迪普
딊	迪普
딋	迪特
딌	迪特
딍	丁
딎	迪特
딏	迪特
딐	迪克
딑	迪特
딒	迪普
딓	迪特
디	迪
딕	迪克
딖	迪克
딗	迪克
딘	丁
딙	丁
딚	丁
딛	迪特
딜	迪爾
딝	迪克
딞	迪姆
딟	迪爾
딠	迪爾
딡	迪爾
딢	迪普
딣	迪爾
딤	迪姆
딥	迪普
딦	迪普
딧	迪特
딨	迪特
딩	丁
딪	迪特
딫	迪特
딬	迪克
딭	迪特
딮	迪普
딯	迪特
따	達
딱	達克
딲	達克
딳	達克
딴	丹
딵	丹
딶	丹
딷	達特
딸	達爾
딹	達克
딺	達姆
딻	達爾
딼	達爾
딽	達爾
딾	達普
딿	達爾
땀	達姆
땁	達普
땂	達普
땃	達特
땄	達特
땅	當
땆	達特
땇	達特
땈	達克
땉	達特
땊	達普
땋	達特
때	戴
땍	戴克
땎	戴克
땏	戴克
땐	戴恩
땑	戴恩
땒	戴恩
땓	戴特
땔	戴爾
땕	戴克
땖	戴姆
땗	戴爾
땘	戴爾
땙	戴爾
땚	戴普
땛	戴爾
땜	戴姆
땝	戴普
땞	戴普
땟	戴特
땠	戴特
땡	戴恩
땢	戴特
땣	戴特
땤	戴克
땥	戴特
땦	戴普
땧	戴特
땨	達
땩	達克
땪	達克
땫	達克
땬	丹
땭	丹
땮	丹
땯	達特
땰	達爾
땱	達克
땲	達姆
땳	達爾
땴	達爾
땵	達爾
땶	達普
땷	達爾
땸	達姆
땹	達普
땺	達普
땻	達特
땼	達特
땽	當
땾	達特
땿	達特
떀	達克
떁	達特
떂	達普
떃	達特
떄	戴
떅	戴克
떆	戴克
떇	戴克
떈	戴恩
떉	戴恩
떊	戴恩
떋	戴特
떌	戴爾
떍	戴克
떎	戴姆
떏	戴爾
떐	戴爾
떑	戴爾
떒	戴普
떓	戴爾
떔	戴姆
떕	戴普
떖	戴普
떗	戴特
떘	戴特
떙	戴恩
떚	戴特
떛	戴特
떜	戴克
떝	戴特
떞	戴普
떟	戴特
떠	德
떡	德克
떢	德克
떣	德克
떤	登
떥	登
떦	登
떧	德特
떨	德爾
떩	德克
떪	德姆
떫	德爾
떬	德爾
떭	德爾
떮	德普
떯	德爾
떰	德姆
떱	德普
떲	德普
떳	德特
떴	德特
떵	登
떶	德特
떷	德特
떸	德克
떹	德特
떺	德普
떻	德特
떼	戴
떽	戴克
떾	戴克
떿	戴克
뗀	戴恩
뗁	戴恩
뗂	戴恩
뗃	戴特
뗄	戴爾
뗅	戴克
뗆	戴姆
뗇	戴爾
뗈	戴爾
뗉	戴爾
뗊	戴普
뗋	戴爾
뗌	戴姆
뗍	戴普
뗎	戴普
뗏	戴特
뗐	戴特
뗑	戴恩
뗒	戴特
뗓	戴特
뗔	戴克
뗕	戴特
뗖	戴普
뗗	戴特
뗘	德
뗙	德克
뗚	德克
뗛	德克
뗜	登
뗝	登
뗞	登
뗟	德特
뗠	德爾
뗡	德克
뗢	德姆
뗣	德爾
뗤	德爾
뗥	德爾
뗦	德普
뗧	德爾
뗨	德姆
뗩	德普
뗪	德普
뗫	德特
뗬	德特
뗭	登
뗮	德特
뗯	德特
뗰	德克
뗱	德特
뗲	德普
뗳	德特
뗴	戴
뗵	戴克
뗶	戴克
뗷	戴克
뗸	戴恩
뗹	戴恩
뗺	戴恩
뗻	戴特
뗼	戴爾
뗽	戴克
뗾	戴姆
뗿	戴爾
똀	戴爾
똁	戴爾
똂	戴普
똃	戴爾
똄	戴姆
똅	戴普
똆	戴普
똇	戴特
똈	戴特
똉	戴恩
똊	戴特
똋	戴特
똌	戴克
똍	戴特
똎	戴普
똏	戴特
또	多
똑	多克
똒	多克
똓	多克
똔	敦
똕	敦
똖	敦
똗	多特
똘	多爾
똙	多克
똚	多姆
똛	多爾
똜	多爾
똝	多爾
똞	多普
똟	多爾
똠	多姆
똡	多普
똢	多普
똣	多特
똤	多特
똥	敦
똦	多特
똧	多特
똨	多克
똩	多特
똪	多普
똫	多特
똬	達
똭	達克
똮	達克
똯	達克
똰	丹
똱	丹
똲	丹
똳	達特
똴	達爾
똵	達克
똶	達姆
똷	達爾
똸	達爾
똹	達爾
똺	達普
똻	達爾
똼	達姆
똽	達普
똾	達普
똿	達特
뙀	達特
뙁	當
뙂	達特
뙃	達特
뙄	達克
뙅	達特
뙆	達普
뙇	達特
뙈	戴
뙉	戴克
뙊	戴克
뙋	戴克
뙌	戴恩
뙍	戴恩
뙎	戴恩
뙏	戴特
뙐	戴爾
뙑	戴克
뙒	戴姆
뙓	戴爾
뙔	戴爾
뙕	戴爾
뙖	戴普
뙗	戴爾
뙘	戴姆
뙙	戴普
뙚	戴普
뙛	戴特
뙜	戴特
뙝	戴恩
뙞	戴特
뙟	戴特
뙠	戴克
뙡	戴特
뙢	戴普
뙣	戴特
뙤	戴
뙥	戴克
뙦	戴克
뙧	戴克
뙨	戴恩
뙩	戴恩
뙪	戴恩
뙫	戴特
뙬	戴爾
뙭	戴克
뙮	戴姆
뙯	戴爾
뙰	戴爾
뙱	戴爾
뙲	戴普
뙳	戴爾
뙴	戴姆
뙵	戴普
뙶	戴普
뙷	戴特
뙸	戴特
뙹	戴恩
뙺	戴特
뙻	戴特
뙼	戴克
뙽	戴特
뙾	戴普
뙿	戴特
뚀	多
뚁	多克
뚂	多克
뚃	多克
뚄	敦
뚅	敦
뚆	敦
뚇	多特
뚈	多爾
뚉	多克
뚊	多姆
뚋	多爾
뚌	多爾
뚍	多爾
뚎	多普
뚏	多爾
뚐	多姆
뚑	多普
뚒	多普
뚓	多特
뚔	多特
뚕	敦
뚖	多特
뚗	多特
뚘	多克
뚙	多特
뚚	多普
뚛	多特
뚜	杜
뚝	杜克
뚞	杜克
뚟	杜克
뚠	敦
뚡	敦
뚢	敦
뚣	杜特
뚤	杜爾
뚥	杜克
뚦	杜姆
뚧	杜爾
뚨	杜爾
뚩	杜爾
뚪	杜普
뚫	杜爾
뚬	杜姆
뚭	杜普
뚮	杜普
뚯	杜特
뚰	杜特
뚱	敦
뚲	杜特
뚳	杜特
뚴	杜克
뚵	杜特
뚶	杜普
뚷	杜特
뚸	德
뚹	德克
뚺	德克
뚻	德克
뚼	登
뚽	登
뚾	登
뚿	德特
뛀	德爾
뛁	德克
뛂	德姆
뛃	德爾
뛄	德爾
뛅	德爾
뛆	德普
뛇	德爾
뛈	德姆
뛉	德普
뛊	德普
뛋	德特
뛌	德特
뛍	登
뛎	德特
뛏	德特
뛐	德克
뛑	德特
뛒	德普
뛓	德特
뛔	戴
뛕	戴克
뛖	戴克
뛗	戴克
뛘	戴恩
뛙	戴恩
뛚	戴恩
뛛	戴特
뛜	戴爾
뛝	戴克
뛞	戴姆
뛟	戴爾
뛠	戴爾
뛡	戴爾
뛢	戴普
뛣	戴爾
뛤	戴姆
뛥	戴普
뛦	戴普
뛧	戴特
뛨	戴特
뛩	戴恩
뛪	戴特
뛫	戴特
뛬	戴克
뛭	戴特
뛮	戴普
뛯	戴特
뛰	迪
뛱	迪克
뛲	迪克
뛳	迪克
뛴	丁
뛵	丁
뛶	丁
뛷	迪特
뛸	迪爾
뛹	迪克
뛺	迪姆
뛻	迪爾
뛼	迪爾
뛽	迪爾
뛾	迪普
뛿	迪爾
뜀	迪姆
뜁	迪普
뜂	迪普
뜃	迪特
뜄	迪特
뜅	丁
뜆	迪特
뜇	迪特
뜈	迪克
뜉	迪特
뜊	迪普
뜋	迪特
뜌	杜
뜍	杜克
뜎	杜克
뜏	杜克
뜐	敦
뜑	敦
뜒	敦
뜓	杜特
뜔	杜爾
뜕	杜克
뜖	杜姆
뜗	杜爾
뜘	杜爾
뜙	杜爾
뜚	杜普
뜛	杜爾
뜜	杜姆
뜝	杜普
뜞	杜普
뜟	杜特
뜠	杜特
뜡	敦
뜢	杜特
뜣	杜特
뜤	杜克
뜥	杜特
뜦	杜普
뜧	杜特
뜨	杜
뜩	杜克
뜪	杜克
뜫	杜克
뜬	敦
뜭	敦
뜮	敦
뜯	杜特
뜰	杜爾
뜱	杜克
뜲	杜姆
뜳	杜爾
뜴	杜爾
뜵	杜爾
뜶	杜普
뜷	杜爾
뜸	杜姆
뜹	杜普
뜺	杜普
뜻	杜特
뜼	杜特
뜽	敦
뜾	杜特
뜿	杜特
띀	杜克
띁	杜特
띂	杜普
띃	杜特
띄	迪
띅	迪克
띆	迪克
띇	迪克
띈	丁
띉	丁
띊	丁
띋	迪特
띌	迪爾
띍	迪克
띎	迪姆
띏	迪爾
띐	迪爾
띑	迪爾
띒	迪普
띓	迪爾
띔	迪姆
띕	迪普
띖	迪普
띗	迪特
띘	迪特
띙	丁
띚	迪特
띛	迪特
띜	迪克
띝	迪特
띞	迪普
띟	迪特
띠	迪
띡	迪克
띢	迪克
띣	迪克
띤	丁
띥	丁
띦	丁
띧	迪特
띨	迪爾
띩	迪克
띪	迪姆
띫	迪爾
띬	迪爾
띭	迪爾
띮	迪普
띯	迪爾
띰	迪姆
띱	迪普
띲	迪普
띳	迪特
띴	迪特
띵	丁
띶	迪特
띷	迪特
띸	迪克
띹	迪特
띺	迪普
띻	迪特
라	拉
락	拉克
띾	拉克
띿	拉克
란	蘭
랁	蘭
랂	蘭
랃	拉特
랄	拉爾
랅	拉克
랆	拉姆
랇	拉爾
랈	拉爾
랉	拉爾
랊	拉普
랋	拉爾
람	拉姆
랍	拉普
랎	拉普
랏	拉特
랐	拉特
랑	朗
랒	拉特
랓	拉特
랔	拉克
랕	拉特
랖	拉普
랗	拉特
래	萊
랙	萊克
랚	萊克
랛	萊克
랜	萊恩
랝	萊恩
랞	萊恩
랟	萊特
랠	萊爾
랡	萊克
랢	萊姆
랣	萊爾
랤	萊爾
랥	萊爾
랦	萊普
랧	萊爾
램	萊姆
랩	萊普
랪	萊普
랫	萊特
랬	萊特
랭	萊恩
랮	萊特
랯	萊特
랰	萊克
랱	萊特
랲	萊普
랳	萊特
랴	拉
략	拉克
랶	拉克
랷	拉克
랸	蘭
랹	蘭
랺	蘭
랻	拉特
랼	拉爾
랽	拉克
랾	拉姆
랿	拉爾
럀	拉爾
럁	拉爾
럂	拉普
럃	拉爾
럄	拉姆
럅	拉普
럆	拉普
럇	拉特
럈	拉特
량	朗
럊	拉特
럋	拉特
럌	拉克
럍	拉特
럎	拉普
럏	拉特
럐	萊
럑	萊克
럒	萊克
럓	萊克
럔	萊恩
럕	萊恩
럖	萊恩
럗	萊特
럘	萊爾
럙	萊克
럚	萊姆
럛	萊爾
럜	萊爾
럝	萊爾
럞	萊普
럟	萊爾
럠	萊姆
럡	萊普
럢	萊普
럣	萊特
럤	萊特
럥	萊恩
럦	萊特
럧	萊特
럨	萊克
럩	萊特
럪	萊普
럫	萊特
러	勒
럭	勒克
럮	勒克
럯	勒克
런	倫
럱	倫
럲	倫
럳	勒特
럴	勒爾
럵	勒克
럶	勒姆
럷	勒爾
럸	勒爾
럹	勒爾
럺	勒普
럻	勒爾
럼	勒姆
럽	勒普
럾	勒普
럿	勒特
렀	勒特
렁	倫
렂	勒特
렃	勒特
렄	勒克
렅	勒特
렆	勒普
렇	勒特
레	萊
렉	萊克
렊	萊克
렋	萊克
렌	萊恩
렍	萊恩
렎	萊恩
렏	萊特
렐	萊爾
렑	萊克
렒	萊姆
렓	萊爾
렔	萊爾
렕	萊爾
렖	萊普
렗	萊爾
렘	萊姆
렙	萊普
렚	萊普
렛	萊特
렜	萊特
렝	萊恩
렞	萊特
렟	萊特
렠	萊克
렡	萊特
렢	萊普
렣	萊特
려	勒
력	勒克
렦	勒克
렧	勒克
련	倫
렩	倫
렪	倫
렫	勒特
렬	勒爾
렭	勒克
렮	勒姆
렯	勒爾
렰	勒爾
렱	勒爾
렲	勒普
렳	勒爾
렴	勒姆
렵	勒普
렶	勒普
렷	勒特
렸	勒特
령	倫
렺	勒特
렻	勒特
렼	勒克
렽	勒特
렾	勒普
렿	勒特
례	萊
롁	萊克
롂	萊克
롃	萊克
롄	萊恩
롅	萊恩
롆	萊恩
롇	萊特
롈	萊爾
롉	萊克
롊	萊姆
롋	萊爾
롌	萊爾
롍	萊爾
롎	萊普
롏	萊爾
롐	萊姆
롑	萊普
롒	萊普
롓	萊特
롔	萊特
롕	萊恩
롖	萊特
롗	萊特
롘	萊克
롙	萊特
롚	萊普
롛	萊特
로	洛
록	洛克
롞	洛克
롟	洛克
론	倫
롡	倫
롢	倫
롣	洛特
롤	洛爾
롥	洛克
롦	洛姆
롧	洛爾
롨	洛爾
롩	洛爾
롪	洛普
롫	洛爾
롬	洛姆
롭	洛普
롮	洛普
롯	洛特
롰	洛特
롱	倫
롲	洛特
롳	洛特
롴	洛克
롵	洛特
롶	洛普
롷	洛特
롸	拉
롹	拉克
롺	拉克
롻	拉克
롼	蘭
롽	蘭
롾	蘭
롿	拉特
뢀	拉爾
뢁	拉克
뢂	拉姆
뢃	拉爾
뢄	拉爾
뢅	拉爾
뢆	拉普
뢇	拉爾
뢈	拉姆
뢉	拉普
뢊	拉普
뢋	拉特
뢌	拉特
뢍	朗
뢎	拉特
뢏	拉特
뢐	拉克
뢑	拉特
뢒	拉普
뢓	拉特
뢔	萊
뢕	萊克
뢖	萊克
뢗	萊克
뢘	萊恩
뢙	萊恩
뢚	萊恩
뢛	萊特
뢜	萊爾
뢝	萊克
뢞	萊姆
뢟	萊爾
뢠	萊爾
뢡	萊爾
뢢	萊普
뢣	萊爾
뢤	萊姆
뢥	萊普
뢦	萊普
뢧	萊特
뢨	萊特
뢩	萊恩
뢪	萊特
뢫	萊特
뢬	萊克
뢭	萊特
뢮	萊普
뢯	萊特
뢰	萊
뢱	萊克
뢲	萊克
뢳	萊克
뢴	萊恩
뢵	萊恩
뢶	萊恩
뢷	萊特
뢸	萊爾
뢹	萊克
뢺	萊姆
뢻	萊爾
뢼	萊爾
뢽	萊爾
뢾	萊普
뢿	萊爾
룀	萊姆
룁	萊普
룂	萊普
룃	萊特
룄	萊特
룅	萊恩
룆	萊特
룇	萊特
룈	萊克
룉	萊特
룊	萊普
룋	萊特
료	洛
룍	洛克
룎	洛克
룏	洛克
룐	倫
룑	倫
룒	倫
룓	洛特
룔	洛爾
룕	洛克
룖	洛姆
룗	洛爾
룘	洛爾
룙	洛爾
룚	洛普
룛	洛爾
룜	洛姆
룝	洛普
룞	洛普
룟	洛特
룠	洛特
룡	倫
룢	洛特
룣	洛特
룤	洛克
룥	洛特
룦	洛普
룧	洛特
루	盧
룩	盧克
룪	盧克
룫	盧克
룬	倫
룭	倫
룮	倫
룯	盧特
룰	盧爾
룱	盧克
룲	盧姆
룳	盧爾
룴	盧爾
룵	盧爾
룶	盧普
룷	盧爾
룸	盧姆
룹	盧普
룺	盧普
룻	盧特
룼	盧特
룽	倫
룾	盧特
룿	盧特
뤀	盧克
뤁	盧特
뤂	盧普
뤃	盧特
뤄	勒
뤅	勒克
뤆	勒克
뤇	勒克
뤈	倫
뤉	倫
뤊	倫
뤋	勒特
뤌	勒爾
뤍	勒克
뤎	勒姆
뤏	勒爾
뤐	勒爾
뤑	勒爾
뤒	勒普
뤓	勒爾
뤔	勒姆
뤕	勒普
뤖	勒普
뤗	勒特
뤘	勒特
뤙	倫
뤚	勒特
뤛	勒特
뤜	勒克
뤝	勒特
뤞	勒普
뤟	勒特
뤠	萊
뤡	萊克
뤢	萊克
뤣	萊克
뤤	萊恩
뤥	萊恩
뤦	萊恩
뤧	萊特
뤨	萊爾
뤩	萊克
뤪	萊姆
뤫	萊爾
뤬	萊爾
뤭	萊爾
뤮	萊普
뤯	萊爾
뤰	萊姆
뤱	萊普
뤲	萊普
뤳	萊特
뤴	萊特
뤵	萊恩
뤶	萊特
뤷	萊特
뤸	萊克
뤹	萊特
뤺	萊普
뤻	萊特
뤼	利
뤽	利克
뤾	利克
뤿	利克
륀	林
륁	林
륂	林
륃	利特
륄	利爾
륅	利克
륆	利姆
륇	利爾
륈	利爾
륉	利爾
륊	利普
륋	利爾
륌	利姆
륍	利普
륎	利普
륏	利特
륐	利特
륑	林
륒	利特
륓	利特
륔	利克
륕	利特
륖	利普
륗	利特
류	盧
륙	盧克
륚	盧克
륛	盧克
륜	倫
륝	倫
륞	倫
륟	盧特
률	盧爾
륡	盧克
륢	盧姆
륣	盧爾
륤	盧爾
륥	盧爾
륦	盧普
륧	盧爾
륨	盧姆
륩	盧普
륪	盧普
륫	盧特
륬	盧特
륭	倫
륮	盧特
륯	盧特
륰	盧克
륱	盧特
륲	盧普
륳	盧特
르	盧
륵	盧克
륶	盧克
륷	盧克
른	倫
륹	倫
륺	倫
륻	盧特
를	盧爾
륽	盧克
륾	盧姆
륿	盧爾
릀	盧爾
릁	盧爾
릂	盧普
릃	盧爾
름	盧姆
릅	盧普
릆	盧普
릇	盧特
릈	盧特
릉	倫
릊	盧特
릋	盧特
릌	盧克
릍	盧特
릎	盧普
릏	盧特
릐	利
릑	利克
릒	利克
릓	利克
릔	林
릕	林
릖	林
릗	利特
릘	利爾
릙	利克
릚	利姆
릛	利爾
릜	利爾
릝	利爾
릞	利普
릟	利爾
릠	利姆
릡	利普
릢	利普
릣	利特
릤	利特
릥	林
릦	利特
릧	利特
릨	利克
릩	利特
릪	利普
릫	利特
리	利
릭	利克
릮	利克
릯	利克
린	林
릱	林
릲	林
릳	利特
릴	利爾
릵	利克
릶	利姆
릷	利爾
릸	利爾
릹	利爾
릺	利普
릻	利爾
림	利姆
립	利普
릾	利普
릿	利特
맀	利特
링	林
맂	利特
맃	利特
맄	利克
맅	利特
맆	利普
맇	利特
마	馬
막	馬克
맊	馬克
맋	馬克
만	曼
맍	曼
많	曼
맏	馬特
말	馬爾
맑	馬克
맒	馬姆
맓	馬爾
맔	馬爾
맕	馬爾
맖	馬普
맗	馬爾
맘	馬姆
맙	馬普
맚	馬普
맛	馬特
맜	馬特
망	芒
맞	馬特
맟	馬特
맠	馬克
맡	馬特
맢	馬普
맣	馬特
매	梅
맥	梅克
맦	梅克
맧	梅克
맨	梅恩
맩	梅恩
맪	梅恩
맫	梅特
맬	梅爾
맭	梅克
맮	梅姆
맯	梅爾
맰	梅爾
맱	梅爾
맲	梅普
맳	梅爾
맴	梅姆
맵	梅普
맶	梅普
맷	梅特
맸	梅特
맹	梅恩
맺	梅特
맻	梅特
맼	梅克
맽	梅特
맾	梅普
맿	梅特
먀	馬
먁	馬克
먂	馬克
먃	馬克
먄	曼
먅	曼
먆	曼
먇	馬特
먈	馬爾
먉	馬克
먊	馬姆
먋	馬爾
먌	馬爾
먍	馬爾
먎	馬普
먏	馬爾
먐	馬姆
먑	馬普
먒	馬普
먓	馬特
먔	馬特
먕	芒
먖	馬特
먗	馬特
먘	馬克
먙	馬特
먚	馬普
먛	馬特
먜	梅
먝	梅克
먞	梅克
먟	梅克
먠	梅恩
먡	梅恩
먢	梅恩
먣	梅特
먤	梅爾
먥	梅克
먦	梅姆
먧	梅爾
먨	梅爾
먩	梅爾
먪	梅普
먫	梅爾
먬	梅姆
먭	梅普
먮	梅普
먯	梅特
먰	梅特
먱	梅恩
먲	梅特
먳	梅特
먴	梅克
먵	梅特
먶	梅普
먷	梅特
머	默
먹	默克
먺	默克
먻	默克
먼	門
먽	門
먾	門
먿	默特
멀	默爾
멁	默克
멂	默姆
멃	默爾
멄	默爾
멅	默爾
멆	默普
멇	默爾
멈	默姆
멉	默普
멊	默普
멋	默特
멌	默特
멍	門
멎	默特
멏	默特
멐	默克
멑	默特
멒	默普
멓	默特
메	梅
멕	梅克
멖	梅克
멗	梅克
멘	梅恩
멙	梅恩
멚	梅恩
멛	梅特
멜	梅爾
멝	梅克
멞	梅姆
멟	梅爾
멠	梅爾
멡	梅爾
멢	梅普
멣	梅爾
멤	梅姆
멥	梅普
멦	梅普
멧	梅特
멨	梅特
멩	梅恩
멪	梅特
멫	梅特
멬	梅克
멭	梅特
멮	梅普
멯	梅特
며	默
멱	默克
멲	默克
멳	默克
면	門
멵	門
멶	門
멷	默特
멸	默爾
멹	默克
멺	默姆
멻	默爾
멼	默爾
멽	默爾
멾	默普
멿	默爾
몀	默姆
몁	默普
몂	默普
몃	默特
몄	默特
명	門
몆	默特
몇	默特
몈	默克
몉	默特
몊	默普
몋	默特
몌	梅
몍	梅克
몎	梅克
몏	梅克
몐	梅恩
몑	梅恩
몒	梅恩
몓	梅特
몔	梅爾
몕	梅克
몖	梅姆
몗	梅爾
몘	梅爾
몙	梅爾
몚	梅普
몛	梅爾
몜	梅姆
몝	梅普
몞	梅普
몟	梅特
몠	梅特
몡	梅恩
몢	梅特
몣	梅特
몤	梅克
몥	梅特
몦	梅普
몧	梅特
모	莫
목	莫克
몪	莫克
몫	莫克
몬	蒙
몭	蒙
몮	蒙
몯	莫特
몰	莫爾
몱	莫克
몲	莫姆
몳	莫爾
몴	莫爾
몵	莫爾
몶	莫普
몷	莫爾
몸	莫姆
몹	莫普
몺	莫普
못	莫特
몼	莫特
몽	蒙
몾	莫特
몿	莫特
뫀	莫克
뫁	莫特
뫂	莫普
뫃	莫特
뫄	馬
뫅	馬克
뫆	馬克
뫇	馬克
뫈	曼
뫉	曼
뫊	曼
뫋	馬特
뫌	馬爾
뫍	馬克
뫎	馬姆
뫏	馬爾
뫐	馬爾
뫑	馬爾
뫒	馬普
뫓	馬爾
뫔	馬姆
뫕	馬普
뫖	馬普
뫗	馬特
뫘	馬特
뫙	芒
뫚	馬特
뫛	馬特
뫜	馬克
뫝	馬特
뫞	馬普
뫟	馬特
뫠	梅
뫡	梅克
뫢	梅克
뫣	梅克
뫤	梅恩
뫥	梅恩
뫦	梅恩
뫧	梅特
뫨	梅爾
뫩	梅克
뫪	梅姆
뫫	梅爾
뫬	梅爾
뫭	梅爾
뫮	梅普
뫯	梅爾
뫰	梅姆
뫱	梅普
뫲	梅普
뫳	梅特
뫴	梅特
뫵	梅恩
뫶	梅特
뫷	梅特
뫸	梅克
뫹	梅特
뫺	梅普
뫻	梅特
뫼	梅
뫽	梅克
뫾	梅克
뫿	梅克
묀	梅恩
묁	梅恩
묂	梅恩
묃	梅特
묄	梅爾
묅	梅克
묆	梅姆
묇	梅爾
묈	梅爾
묉	梅爾
묊	梅普
묋	梅爾
묌	梅姆
묍	梅普
묎	梅普
묏	梅特
묐	梅特
묑	梅恩
묒	梅特
묓	梅特
묔	梅克
묕	梅特
묖	梅普
묗	梅特
묘	莫
묙	莫克
묚	莫克
묛	莫克
묜	蒙
묝	蒙
묞	蒙
묟	莫特
묠	莫爾
묡	莫克
묢	莫姆
묣	莫爾
묤	莫爾
묥	莫爾
묦	莫普
묧	莫爾
묨	莫姆
묩	莫普
묪	莫普
묫	莫特
묬	莫特
묭	蒙
묮	莫特
묯	莫特
묰	莫克
묱	莫特
묲	莫普
묳	莫特
무	穆
묵	穆克
묶	穆克
묷	穆克
문	蒙
묹	蒙
묺	蒙
묻	穆特
물	穆爾
묽	穆克
묾	穆姆
묿	穆爾
뭀	穆爾
뭁	穆爾
뭂	穆普
뭃	穆爾
뭄	穆姆
뭅	穆普
뭆	穆普
뭇	穆特
뭈	穆特
뭉	蒙
뭊	穆特
뭋	穆特
뭌	穆克
뭍	穆特
뭎	穆普
뭏	穆特
뭐	默
뭑	默克
뭒	默克
뭓	默克
뭔	門
뭕	門
뭖	門
뭗	默特
뭘	默爾
뭙	默克
뭚	默姆
뭛	默爾
뭜	默爾
뭝	默爾
뭞	默普
뭟	默爾
뭠	默姆
뭡	默普
뭢	默普
뭣	默特
뭤	默特
뭥	門
뭦	默特
뭧	默特
뭨	默克
뭩	默特
뭪	默普
뭫	默特
뭬	梅
뭭	梅克
뭮	梅克
뭯	梅克
뭰	梅恩
뭱	梅恩
뭲	梅恩
뭳	梅特
뭴	梅爾
뭵	梅克
뭶	梅姆
뭷	梅爾
뭸	梅爾
뭹	梅爾
뭺	梅普
뭻	梅爾
뭼	梅姆
뭽	梅普
뭾	梅普
뭿	梅特
뮀	梅特
뮁	梅恩
뮂	梅特
뮃	梅特
뮄	梅克
뮅	梅特
뮆	梅普
뮇	梅特
뮈	米
뮉	米克
뮊	米克
뮋	米克
뮌	明
뮍	明
뮎	明
뮏	米特
뮐	米爾
뮑	米克
뮒	米姆
뮓	米爾
뮔	米爾
뮕	米爾
뮖	米普
뮗	米爾
뮘	米姆
뮙	米普
뮚	米普
뮛	米特
뮜	米特
뮝	明
뮞	米特
뮟	米特
뮠	米克
뮡	米特
뮢	米普
뮣	米特
뮤	穆
뮥	穆克
뮦	穆克
뮧	穆克
뮨	蒙
뮩	蒙
뮪	蒙
뮫	穆特
뮬	穆爾
뮭	穆克
뮮	穆姆
뮯	穆爾
뮰	穆爾
뮱	穆爾
뮲	穆普
뮳	穆爾
뮴	穆姆
뮵	穆普
뮶	穆普
뮷	穆特
뮸	穆特
뮹	蒙
뮺	穆特
뮻	穆特
뮼	穆克
뮽	穆特
뮾	穆普
뮿	穆特
므	穆
믁	穆克
믂	穆克
믃	穆克
믄	蒙
믅	蒙
믆	蒙
믇	穆特
믈	穆爾
믉	穆克
믊	穆姆
믋	穆爾
믌	穆爾
믍	穆爾
믎	穆普
믏	穆爾
믐	穆姆
믑	穆普
믒	穆普
믓	穆特
믔	穆特
믕	蒙
믖	穆特
믗	穆特
믘	穆克
믙	穆特
믚	穆普
믛	穆特
믜	米
믝	米克
믞	米克
믟	米克
믠	明
믡	明
믢	明
믣	米特
믤	米爾
믥	米克
믦	米姆
믧	米爾
믨	米爾
믩	米爾
믪	米普
믫	米爾
믬	米姆
믭	米普
믮	米普
믯	米特
믰	米特
믱	明
믲	米特
믳	米特
믴	米克
믵	米特
믶	米普
믷	米特
미	米
믹	米克
믺	米克
믻	米克
민	明
믽	明
믾	明
믿	米特
밀	米爾
밁	米克
밂	米姆
밃	米爾
밄	米爾
밅	米爾
밆	米普
밇	米爾
밈	米姆
밉	米普
밊	米普
밋	米特
밌	米特
밍	明
밎	米特
및	米特
밐	米克
밑	米特
밒	米普
밓	米特
바	巴
박	巴克
밖	巴克
밗	巴克
반	班
밙	班
밚	班
받	巴特
발	巴爾
밝	巴克
밞	巴姆
밟	巴爾
밠	巴爾
밡	巴爾
밢	巴普
밣	巴爾
밤	巴姆
밥	巴普
밦	巴普
밧	巴特
밨	巴特
방	邦
밪	巴特
밫	巴特
밬	巴克
밭	巴特
밮	巴普
밯	巴特
배	貝
백	貝克
밲	貝克
밳	貝克
밴	貝恩
밵	貝恩
밶	貝恩
밷	貝特
밸	貝爾
밹	貝克
밺	貝姆
밻	貝爾
밼	貝爾
밽	貝爾
밾	貝普
밿	貝爾
뱀	貝姆
뱁	貝普
뱂	貝普
뱃	貝特
뱄	貝特
뱅	貝恩
뱆	貝特
뱇	貝特
뱈	貝克
뱉	貝特
뱊	貝普
뱋	貝特
뱌	巴
뱍	巴克
뱎	巴克
뱏	巴克
뱐	班
뱑	班
뱒	班
뱓	巴特
뱔	巴爾
뱕	巴克
뱖	巴姆
뱗	巴爾
뱘	巴爾
뱙	巴爾
뱚	巴普
뱛	巴爾
뱜	巴姆
뱝	巴普
뱞	巴普
뱟	巴特
뱠	巴特
뱡	邦
뱢	巴特
뱣	巴特
뱤	巴克
뱥	巴特
뱦	巴普
뱧	巴特
뱨	貝
뱩	貝克
뱪	貝克
뱫	貝克
뱬	貝恩
뱭	貝恩
뱮	貝恩
뱯	貝特
뱰	貝爾
뱱	貝克
뱲	貝姆
뱳	貝爾
뱴	貝爾
뱵	貝爾
뱶	貝普
뱷	貝爾
뱸	貝姆
뱹	貝普
뱺	貝普
뱻	貝特
뱼	貝特
뱽	貝恩
뱾	貝特
뱿	貝特
벀	貝克
벁	貝特
벂	貝普
벃	貝特
버	伯
벅	伯克
벆	伯克
벇	伯克
번	本
벉	本
벊	本
벋	伯特
벌	伯爾
벍	伯克
벎	伯姆
벏	伯爾
벐	伯爾
벑	伯爾
벒	伯普
벓	伯爾
범	伯姆
법	伯普
벖	伯普
벗	伯特
벘	伯特
벙	本
벚	伯特
벛	伯特
벜	伯克
벝	伯特
벞	伯普
벟	伯特
베	貝
벡	貝克
벢	貝克
벣	貝克
벤	貝恩
벥	貝恩
벦	貝恩
벧	貝特
벨	貝爾
벩	貝克
벪	貝姆
벫	貝爾
벬	貝爾
벭	貝爾
벮	貝普
벯	貝爾
벰	貝姆
벱	貝普
벲	貝普
벳	貝特
벴	貝特
벵	貝恩
벶	貝特
벷	貝特
벸	貝克
벹	貝特
벺	貝普
벻	貝特
벼	伯
벽	伯克
벾	伯克
벿	伯克
변	本
볁	本
볂	本
볃	伯特
별	伯爾
볅	伯克
볆	伯姆
볇	伯爾
볈	伯爾
볉	伯爾
볊	伯普
볋	伯爾
볌	伯姆
볍	伯普
볎	伯普
볏	伯特
볐	伯特
병	本
볒	伯特
볓	伯特
볔	伯克
볕	伯特
볖	伯普
볗	伯特
볘	貝
볙	貝克
볚	貝克
볛	貝克
볜	貝恩
볝	貝恩
볞	貝恩
볟	貝特
볠	貝爾
볡	貝克
볢	貝姆
볣	貝爾
볤	貝爾
볥	貝爾
볦	貝普
볧	貝爾
볨	貝姆
볩	貝普
볪	貝普
볫	貝特
볬	貝特
볭	貝恩
볮	貝特
볯	貝特
볰	貝克
볱	貝特
볲	貝普
볳	貝特
보	博
복	博克
볶	博克
볷	博克
본	本
볹	本
볺	本
볻	博特
볼	博爾
볽	博克
볾	博姆
볿	博爾
봀	博爾
봁	博爾
봂	博普
봃	博爾
봄	博姆
봅	博普
봆	博普
봇	博特
봈	博特
봉	本
봊	博特
봋	博特
봌	博克
봍	博特
봎	博普
봏	博特
봐	巴
봑	巴克
봒	巴克
봓	巴克
봔	班
봕	班
봖	班
봗	巴特
봘	巴爾
봙	巴克
봚	巴姆
봛	巴爾
봜	巴爾
봝	巴爾
봞	巴普
봟	巴爾
봠	巴姆
봡	巴普
봢	巴普
봣	巴特
봤	巴特
봥	邦
봦	巴特
봧	巴特
봨	巴克
봩	巴特
봪	巴普
봫	巴特
봬	貝
봭	貝克
봮	貝克
봯	貝克
봰	貝恩
봱	貝恩
봲	貝恩
봳	貝特
봴	貝爾
봵	貝克
봶	貝姆
봷	貝爾
봸	貝爾
봹	貝爾
봺	貝普
봻	貝爾
봼	貝姆
봽	貝普
봾	貝普
봿	貝特
뵀	貝特
뵁	貝恩
뵂	貝特
뵃	貝特
뵄	貝克
뵅	貝特
뵆	貝普
뵇	貝特
뵈	貝
뵉	貝克
뵊	貝克
뵋	貝克
뵌	貝恩
뵍	貝恩
뵎	貝恩
뵏	貝特
뵐	貝爾
뵑	貝克
뵒	貝姆
뵓	貝爾
뵔	貝爾
뵕	貝爾
뵖	貝普
뵗	貝爾
뵘	貝姆
뵙	貝普
뵚	貝普
뵛	貝特
뵜	貝特
뵝	貝恩
뵞	貝特
뵟	貝特
뵠	貝克
뵡	貝特
뵢	貝普
뵣	貝特
뵤	博
뵥	博克
뵦	博克
뵧	博克
뵨	本
뵩	本
뵪	本
뵫	博特
뵬	博爾
뵭	博克
뵮	博姆
뵯	博爾
뵰	博爾
뵱	博爾
뵲	博普
뵳	博爾
뵴	博姆
뵵	博普
뵶	博普
뵷	博特
뵸	博特
뵹	本
뵺	博特
뵻	博特
뵼	博克
뵽	博特
뵾	博普
뵿	博特
부	布
북	布克
붂	布克
붃	布克
분	本
붅	本
붆	本
붇	布特
불	布爾
붉	布克
붊	布姆
붋	布爾
붌	布爾
붍	布爾
붎	布普
붏	布爾
붐	布姆
붑	布普
붒	布普
붓	布特
붔	布特
붕	本
붖	布特
붗	布特
붘	布克
붙	布特
붚	布普
붛	布特
붜	伯
붝	伯克
붞	伯克
붟	伯克
붠	本
붡	本
붢	本
붣	伯特
붤	伯爾
붥	伯克
붦	伯姆
붧	伯爾
붨	伯爾
붩	伯爾
붪	伯普
붫	伯爾
붬	伯姆
붭	伯普
붮	伯普
붯	伯特
붰	伯特
붱	本
붲	伯特
붳	伯特
붴	伯克
붵	伯特
붶	伯普
붷	伯特
붸	貝
붹	貝克
붺	貝克
붻	貝克
붼	貝恩
붽	貝恩
붾	貝恩
붿	貝特
뷀	貝爾
뷁	貝克
뷂	貝姆
뷃	貝爾
뷄	貝爾
뷅	貝爾
뷆	貝普
뷇	貝爾
뷈	貝姆
뷉	貝普
뷊	貝普
뷋	貝特
뷌	貝特
뷍	貝恩
뷎	貝特
뷏	貝特
뷐	貝克
뷑	貝特
뷒	貝普
뷓	貝特
뷔	比
뷕	比克
뷖	比克
뷗	比克
뷘	賓
뷙	賓
뷚	賓
뷛	比特
뷜	比爾
뷝	比克
뷞	比姆
뷟	比爾
뷠	比爾
뷡	比爾
뷢	比普
뷣	比爾
뷤	比姆
뷥	比普
뷦	比普
뷧	比特
뷨	比特
뷩	賓
뷪	比特
뷫	比特
뷬	比克
뷭	比特
뷮	比普
뷯	比特
뷰	布
뷱	布克
뷲	布克
뷳	布克
뷴	本
뷵	本
뷶	本
뷷	布特
뷸	布爾
뷹	布克
뷺	布姆
뷻	布爾
뷼	布爾
뷽	布爾
뷾	布普
뷿	布爾
븀	布姆
븁	布普
븂	布普
븃	布特
븄	布特
븅	本
븆	布特
븇	布特
븈	布克
븉	布特
븊	布普
븋	布特
브	布
븍	布克
븎	布克
븏	布克
븐	本
븑	本
븒	本
븓	布特
블	布爾
븕	布克
븖	布姆
븗	布爾
븘	布爾
븙	布爾
븚	布普
븛	布爾
븜	布姆
븝	布普
븞	布普
븟	布特
븠	布特
븡	本
븢	布特
븣	布特
븤	布克
븥	布特
븦	布普
븧	布特
븨	比
븩	比克
븪	比克
븫	比克
븬	賓
븭	賓
븮	賓
븯	比特
븰	比爾
븱	比克
븲	比姆
븳	比爾
븴	比爾
븵	比爾
븶	比普
븷	比爾
븸	比姆
븹	比普
븺	比普
븻	比特
븼	比特
븽	賓
븾	比特
븿	比特
빀	比克
빁	比特
빂	比普
빃	比特
비	比
빅	比克
빆	比克
빇	比克
빈	賓
빉	賓
빊	賓
빋	比特
빌	比爾
빍	比克
빎	比姆
빏	比爾
빐	比爾
빑	比爾
빒	比普
빓	比爾
빔	比姆
빕	比普
빖	比普
빗	比特
빘	比特
빙	賓
빚	比特
빛	比特
빜	比克
빝	比特
빞	比普
빟	比特
빠	巴
빡	巴克
빢	巴克
빣	巴克
빤	班
빥	班
빦	班
빧	巴特
빨	巴爾
빩	巴克
빪	巴姆
빫	巴爾
빬	巴爾
빭	巴爾
빮	巴普
빯	巴爾
빰	巴姆
빱	巴普
빲	巴普
빳	巴特
빴	巴特
빵	邦
빶	巴特
빷	巴特
빸	巴克
빹	巴特
빺	巴普
빻	巴特
빼	貝
빽	貝克
빾	貝克
빿	貝克
뺀	貝恩
뺁	貝恩
뺂	貝恩
뺃	貝特
뺄	貝爾
뺅	貝克
뺆	貝姆
뺇	貝爾
뺈	貝爾
뺉	貝爾
뺊	貝普
뺋	貝爾
뺌	貝姆
뺍	貝普
뺎	貝普
뺏	貝特
뺐	貝特
뺑	貝恩
뺒	貝特
뺓	貝特
뺔	貝克
뺕	貝特
뺖	貝普
뺗	貝特
뺘	巴
뺙	巴克
뺚	巴克
뺛	巴克
뺜	班
뺝	班
뺞	班
뺟	巴特
뺠	巴爾
뺡	巴克
뺢	巴姆
뺣	巴爾
뺤	巴爾
뺥	巴爾
뺦	巴普
뺧	巴爾
뺨	巴姆
뺩	巴普
뺪	巴普
뺫	巴特
뺬	巴特
뺭	邦
뺮	巴特
뺯	巴特
뺰	巴克
뺱	巴特
뺲	巴普
뺳	巴特
뺴	貝
뺵	貝克
뺶	貝克
뺷	貝克
뺸	貝恩
뺹	貝恩
뺺	貝恩
뺻	貝特
뺼	貝爾
뺽	貝克
뺾	貝姆
뺿	貝爾
뻀	貝爾
뻁	貝爾
뻂	貝普
뻃	貝爾
뻄	貝姆
뻅	貝普
뻆	貝普
뻇	貝特
뻈	貝特
뻉	貝恩
뻊	貝特
뻋	貝特
뻌	貝克
뻍	貝特
뻎	貝普
뻏	貝特
뻐	伯
뻑	伯克
뻒	伯克
뻓	伯克
뻔	本
뻕	本
뻖	本
뻗	伯特
뻘	伯爾
뻙	伯克
뻚	伯姆
뻛	伯爾
뻜	伯爾
뻝	伯爾
뻞	伯普
뻟	伯爾
뻠	伯姆
뻡	伯普
뻢	伯普
뻣	伯特
뻤	伯特
뻥	本
뻦	伯特
뻧	伯特
뻨	伯克
뻩	伯特
뻪	伯普
뻫	伯特
뻬	貝
뻭	貝克
뻮	貝克
뻯	貝克
뻰	貝恩
뻱	貝恩
뻲	貝恩
뻳	貝特
뻴	貝爾
뻵	貝克
뻶	貝姆
뻷	貝爾
뻸	貝爾
뻹	貝爾
뻺	貝普
뻻	貝爾
뻼	貝姆
뻽	貝普
뻾	貝普
뻿	貝特
뼀	貝特
뼁	貝恩
뼂	貝特
뼃	貝特
뼄	貝克
뼅	貝特
뼆	貝普
뼇	貝特
뼈	伯
뼉	伯克
뼊	伯克
뼋	伯克
뼌	本
뼍	本
뼎	本
뼏	伯特
뼐	伯爾
뼑	伯克
뼒	伯姆
뼓	伯爾
뼔	伯爾
뼕	伯爾
뼖	伯普
뼗	伯爾
뼘	伯姆
뼙	伯普
뼚	伯普
뼛	伯特
뼜	伯特
뼝	本
뼞	伯特
뼟	伯特
뼠	伯克
뼡	伯特
뼢	伯普
뼣	伯特
뼤	貝
뼥	貝克
뼦	貝克
뼧	貝克
뼨	貝恩
뼩	貝恩
뼪	貝恩
뼫	貝特
뼬	貝爾
뼭	貝克
뼮	貝姆
뼯	貝爾
뼰	貝爾
뼱	貝爾
뼲	貝普
뼳	貝爾
뼴	貝姆
뼵	貝普
뼶	貝普
뼷	貝特
뼸	貝特
뼹	貝恩
뼺	貝特
뼻	貝特
뼼	貝克
뼽	貝特
뼾	貝普
뼿	貝特
뽀	博
뽁	博克
뽂	博克
뽃	博克
뽄	本
뽅	本
뽆	本
뽇	博特
뽈	博爾
뽉	博克
뽊	博姆
뽋	博爾
뽌	博爾
뽍	博爾
뽎	博普
뽏	博爾
뽐	博姆
뽑	博普
뽒	博普
뽓	博特
뽔	博特
뽕	本
뽖	博特
뽗	博特
뽘	博克
뽙	博特
뽚	博普
뽛	博特
뽜	巴
뽝	巴克
뽞	巴克
뽟	巴克
뽠	班
뽡	班
뽢	班
뽣	巴特
뽤	巴爾
뽥	巴克
뽦	巴姆
뽧	巴爾
뽨	巴爾
뽩	巴爾
뽪	巴普
뽫	巴爾
뽬	巴姆
뽭	巴普
뽮	巴普
뽯	巴特
뽰	巴特
뽱	邦
뽲	巴特
뽳	巴特
뽴	巴克
뽵	巴特
뽶	巴普
뽷	巴特
뽸	貝
뽹	貝克
뽺	貝克
뽻	貝克
뽼	貝恩
뽽	貝恩
뽾	貝恩
뽿	貝特
뾀	貝爾
뾁	貝克
뾂	貝姆
뾃	貝爾
뾄	貝爾
뾅	貝爾
뾆	貝普
뾇	貝爾
뾈	貝姆
뾉	貝普
뾊	貝普
뾋	貝特
뾌	貝特
뾍	貝恩
뾎	貝特
뾏	貝特
뾐	貝克
뾑	貝特
뾒	貝普
뾓	貝特
뾔	貝
뾕	貝克
뾖	貝克
뾗	貝克
뾘	貝恩
뾙	貝恩
뾚	貝恩
뾛	貝特
뾜	貝爾
뾝	貝克
뾞	貝姆
뾟	貝爾
뾠	貝爾
뾡	貝爾
뾢	貝普
뾣	貝爾
뾤	貝姆
뾥	貝普
뾦	貝普
뾧	貝特
뾨	貝特
뾩	貝恩
뾪	貝特
뾫	貝特
뾬	貝克
뾭	貝特
뾮	貝普
뾯	貝特
뾰	博
뾱	博克
뾲	博克
뾳	博克
뾴	本
뾵	本
뾶	本
뾷	博特
뾸	博爾
뾹	博克
뾺	博姆
뾻	博爾
뾼	博爾
뾽	博爾
뾾	博普
뾿	博爾
뿀	博姆
뿁	博普
뿂	博普
뿃	博特
뿄	博特
뿅	本
뿆	博特
뿇	博特
뿈	博克
뿉	博特
뿊	博普
뿋	博特
뿌	布
뿍	布克
뿎	布克
뿏	布克
뿐	本
뿑	本
뿒	本
뿓	布特
뿔	布爾
뿕	布克
뿖	布姆
뿗	布爾
뿘	布爾
뿙	布爾
뿚	布普
뿛	布爾
뿜	布姆
뿝	布普
뿞	布普
뿟	布特
뿠	布特
뿡	本
뿢	布特
뿣	布特
뿤	布克
뿥	布特
뿦	布普
뿧	布特
뿨	伯
뿩	伯克
뿪	伯克
뿫	伯克
뿬	本
뿭	本
뿮	本
뿯	伯特
뿰	伯爾
뿱	伯克
뿲	伯姆
뿳	伯爾
뿴	伯爾
뿵	伯爾
뿶	伯普
뿷	伯爾
뿸	伯姆
뿹	伯普
뿺	伯普
뿻	伯特
뿼	伯特
뿽	本
뿾	伯特
뿿	伯特
쀀	伯克
쀁	伯特
쀂	伯普
쀃	伯特
쀄	貝
쀅	貝克
쀆	貝克
쀇	貝克
쀈	貝恩
쀉	貝恩
쀊	貝恩
쀋	貝特
쀌	貝爾
쀍	貝克
쀎	貝姆
쀏	貝爾
쀐	貝爾
쀑	貝爾
쀒	貝普
쀓	貝爾
쀔	貝姆
쀕	貝普
쀖	貝普
쀗	貝特
쀘	貝特
쀙	貝恩
쀚	貝特
쀛	貝特
쀜	貝克
쀝	貝特
쀞	貝普
쀟	貝特
쀠	比
쀡	比克
쀢	比克
쀣	比克
쀤	賓
쀥	賓
쀦	賓
쀧	比特
쀨	比爾
쀩	比克
쀪	比姆
쀫	比爾
쀬	比爾
쀭	比爾
쀮	比普
쀯	比爾
쀰	比姆
쀱	比普
쀲	比普
쀳	比特
쀴	比特
쀵	賓
쀶	比特
쀷	比特
쀸	比克
쀹	比特
쀺	比普
쀻	比特
쀼	布
쀽	布克
쀾	布克
쀿	布克
쁀	本
쁁	本
쁂	本
쁃	布特
쁄	布爾
쁅	布克
쁆	布姆
쁇	布爾
쁈	布爾
쁉	布爾
쁊	布普
쁋	布爾
쁌	布姆
쁍	布普
쁎	布普
쁏	布特
쁐	布特
쁑	本
쁒	布特
쁓	布特
쁔	布克
쁕	布特
쁖	布普
쁗	布特
쁘	布
쁙	布克
쁚	布克
쁛	布克
쁜	本
쁝	本
쁞	本
쁟	布特
쁠	布爾
쁡	布克
쁢	布姆
쁣	布爾
쁤	布爾
쁥	布爾
쁦	布普
쁧	布爾
쁨	布姆
쁩	布普
쁪	布普
쁫	布特
쁬	布特
쁭	本
쁮	布特
쁯	布特
쁰	布克
쁱	布特
쁲	布普
쁳	布特
쁴	比
쁵	比克
쁶	比克
쁷	比克
쁸	賓
쁹	賓
쁺	賓
쁻	比特
쁼	比爾
쁽	比克
쁾	比姆
쁿	比爾
삀	比爾
삁	比爾
삂	比普
삃	比爾
삄	比姆
삅	比普
삆	比普
삇	比特
삈	比特
삉	賓
삊	比特
삋	比特
삌	比克
삍	比特
삎	比普
삏	比特
삐	比
삑	比克
삒	比克
삓	比克
삔	賓
삕	賓
삖	賓
삗	比特
삘	比爾
삙	比克
삚	比姆
삛	比爾
삜	比爾
삝	比爾
삞	比普
삟	比爾
삠	比姆
삡	比普
삢	比普
삣	比特
삤	比特
삥	賓
삦	比特
삧	比特
삨	比克
삩	比特
삪	比普
삫	比特
사	薩
삭	薩克
삮	薩克
삯	薩克
산	尚
삱	尚
삲	尚
삳	薩特
살	薩爾
삵	薩克
삶	薩姆
삷	薩爾
삸	薩爾
삹	薩爾
삺	薩普
삻	薩爾
삼	薩姆
삽	薩普
삾	薩普
삿	薩特
샀	薩特
상	尚
샂	薩特
샃	薩特
샄	薩克
샅	薩特
샆	薩普
샇	薩特
새	塞
색	塞克
샊	塞克
샋	塞克
샌	塞恩
샍	塞恩
샎	塞恩
샏	塞特
샐	塞爾
샑	塞克
샒	塞姆
샓	塞爾
샔	塞爾
샕	塞爾
샖	塞普
샗	塞爾
샘	塞姆
샙	塞普
샚	塞普
샛	塞特
샜	塞特
생	塞恩
샞	塞特
샟	塞特
샠	塞克
샡	塞特
샢	塞普
샣	塞特
샤	薩
샥	薩克
샦	薩克
샧	薩克
샨	尚
샩	尚
샪	尚
샫	薩特
샬	薩爾
샭	薩克
샮	薩姆
샯	薩爾
샰	薩爾
샱	薩爾
샲	薩普
샳	薩爾
샴	薩姆
샵	薩普
샶	薩普
샷	薩特
샸	薩特
샹	尚
샺	薩特
샻	薩特
샼	薩克
샽	薩特
샾	薩普
샿	薩特
섀	塞
섁	塞克
섂	塞克
섃	塞克
섄	塞恩
섅	塞恩
섆	塞恩
섇	塞特
섈	塞爾
섉	塞克
섊	塞姆
섋	塞爾
섌	塞爾
섍	塞爾
섎	塞普
섏	塞爾
섐	塞姆
섑	塞普
섒	塞普
섓	塞特
섔	塞特
섕	塞恩
섖	塞特
섗	塞特
섘	塞克
섙	塞特
섚	塞普
섛	塞特
서	瑟
석	瑟克
섞	瑟克
섟	瑟克
선	申
섡	申
섢	申
섣	瑟特
설	瑟爾
섥	瑟克
섦	瑟姆
섧	瑟爾
섨	瑟爾
섩	瑟爾
섪	瑟普
섫	瑟爾
섬	瑟姆
섭	瑟普
섮	瑟普
섯	瑟特
섰	瑟特
성	申
섲	瑟特
섳	瑟特
섴	瑟克
섵	瑟特
섶	瑟普
섷	瑟特
세	塞
섹	塞克
섺	塞克
섻	塞克
센	塞恩
섽	塞恩
섾	塞恩
섿	塞特
셀	塞爾
셁	塞克
셂	塞姆
셃	塞爾
셄	塞爾
셅	塞爾
셆	塞普
셇	塞爾
셈	塞姆
셉	塞普
셊	塞普
셋	塞特
셌	塞特
셍	塞恩
셎	塞特
셏	塞特
셐	塞克
셑	塞特
셒	塞普
셓	塞特
셔	瑟
셕	瑟克
셖	瑟克
셗	瑟克
션	申
셙	申
셚	申
셛	瑟特
셜	瑟爾
셝	瑟克
셞	瑟姆
셟	瑟爾
셠	瑟爾
셡	瑟爾
셢	瑟普
셣	瑟爾
셤	瑟姆
셥	瑟普
셦	瑟普
셧	瑟特
셨	瑟特
셩	申
셪	瑟特
셫	瑟特
셬	瑟克
셭	瑟特
셮	瑟普
셯	瑟特
셰	塞
셱	塞克
셲	塞克
셳	塞克
셴	塞恩
셵	塞恩
셶	塞恩
셷	塞特
셸	塞爾
셹	塞克
셺	塞姆
셻	塞爾
셼	塞爾
셽	塞爾
셾	塞普
셿	塞爾
솀	塞姆
솁	塞普
솂	塞普
솃	塞特
솄	塞特
솅	塞恩
솆	塞特
솇	塞特
솈	塞克
솉	塞特
솊	塞普
솋	塞特
소	索
속	索克
솎	索克
솏	索克
손	順
솑	順
솒	順
솓	索特
솔	索爾
솕	索克
솖	索姆
솗	索爾
솘	索爾
솙	索爾
솚	索普
솛	索爾
솜	索姆
솝	索普
솞	索普
솟	索特
솠	索特
송	順
솢	索特
솣	索特
솤	索克
솥	索特
솦	索普
솧	索特
솨	薩
솩	薩克
솪	薩克
솫	薩克
솬	尚
솭	尚
솮	尚
솯	薩特
솰	薩爾
솱	薩克
솲	薩姆
솳	薩爾
솴	薩爾
솵	薩爾
솶	薩普
솷	薩爾
솸	薩姆
솹	薩普
솺	薩普
솻	薩特
솼	薩特
솽	尚
솾	薩特
솿	薩特
쇀	薩克
쇁	薩特
쇂	薩普
쇃	薩特
쇄	塞
쇅	塞克
쇆	塞克
쇇	塞克
쇈	塞恩
쇉	塞恩
쇊	塞恩
쇋	塞特
쇌	塞爾
쇍	塞克
쇎	塞姆
쇏	塞爾
쇐	塞爾
쇑	塞爾
쇒	塞普
쇓	塞爾
쇔	塞姆
쇕	塞普
쇖	塞普
쇗	塞特
쇘	塞特
쇙	塞恩
쇚	塞特
쇛	塞特
쇜	塞克
쇝	塞特
쇞	塞普
쇟	塞特
쇠	塞
쇡	塞克
쇢	塞克
쇣	塞克
쇤	塞恩
쇥	塞恩
쇦	塞恩
쇧	塞特
쇨	塞爾
쇩	塞克
쇪	塞姆
쇫	塞爾
쇬	塞爾
쇭	塞爾
쇮	塞普
쇯	塞爾
쇰	塞姆
쇱	塞普
쇲	塞普
쇳	塞特
쇴	塞特
쇵	塞恩
쇶	塞特
쇷	塞特
쇸	塞克
쇹	塞特
쇺	塞普
쇻	塞特
쇼	索
쇽	索克
쇾	索克
쇿	索克
숀	順
숁	順
숂	順
숃	索特
숄	索爾
숅	索克
숆	索姆
숇	索爾
숈	索爾
숉	索爾
숊	索普
숋	索爾
숌	索姆
숍	索普
숎	索普
숏	索特
숐	索特
숑	順
숒	索特
숓	索特
숔	索克
숕	索特
숖	索普
숗	索特
수	蘇
숙	蘇克
숚	蘇克
숛	蘇克
순	順
숝	順
숞	順
숟	蘇特
술	蘇爾
숡	蘇克
숢	蘇姆
숣	蘇爾
숤	蘇爾
숥	蘇爾
숦	蘇普
숧	蘇爾
숨	蘇姆
숩	蘇普
숪	蘇普
숫	蘇特
숬	蘇特
숭	順
숮	蘇特
숯	蘇特
숰	蘇克
숱	蘇特
숲	蘇普
숳	蘇特
숴	瑟
숵	瑟克
숶	瑟克
숷	瑟克
숸	申
숹	申
숺	申
숻	瑟特
숼	瑟爾
숽	瑟克
숾	瑟姆
숿	瑟爾
쉀	瑟爾
쉁	瑟爾
쉂	瑟普
쉃	瑟爾
쉄	瑟姆
쉅	瑟普
쉆	瑟普
쉇	瑟特
쉈	瑟特
쉉	申
쉊	瑟特
쉋	瑟特
쉌	瑟克
쉍	瑟特
쉎	瑟普
쉏	瑟特
쉐	塞
쉑	塞克
쉒	塞克
쉓	塞克
쉔	塞恩
쉕	塞恩
쉖	塞恩
쉗	塞特
쉘	塞爾
쉙	塞克
쉚	塞姆
쉛	塞爾
쉜	塞爾
쉝	塞爾
쉞	塞普
쉟	塞爾
쉠	塞姆
쉡	塞普
쉢	塞普
쉣	塞特
쉤	塞特
쉥	塞恩
쉦	塞特
쉧	塞特
쉨	塞克
쉩	塞特
쉪	塞普
쉫	塞特
쉬	西
쉭	西克
쉮	西克
쉯	西克
쉰	欣
쉱	欣
쉲	欣
쉳	西特
쉴	西爾
쉵	西克
쉶	西姆
쉷	西爾
쉸	西爾
쉹	西爾
쉺	西普
쉻	西爾
쉼	西姆
쉽	西普
쉾	西普
쉿	西特
슀	西特
슁	興
슂	西特
슃	西特
슄	西克
슅	西特
슆	西普
슇	西特
슈	蘇
슉	蘇克
슊	蘇克
슋	蘇克
슌	順
슍	順
슎	順
슏	蘇特
슐	蘇爾
슑	蘇克
슒	蘇姆
슓	蘇爾
슔	蘇爾
슕	蘇爾
슖	蘇普
슗	蘇爾
슘	蘇姆
슙	蘇普
슚	蘇普
슛	蘇特
슜	蘇特
슝	順
슞	蘇特
슟	蘇特
슠	蘇克
슡	蘇特
슢	蘇普
슣	蘇特
스	蘇
슥	蘇克
슦	蘇克
슧	蘇克
슨	順
슩	順
슪	順
슫	蘇特
슬	蘇爾
슭	蘇克
슮	蘇姆
슯	蘇爾
슰	蘇爾
슱	蘇爾
슲	蘇普
슳	蘇爾
슴	蘇姆
습	蘇普
슶	蘇普
슷	蘇特
슸	蘇特
승	順
슺	蘇特
슻	蘇特
슼	蘇克
슽	蘇特
슾	蘇普
슿	蘇特
싀	西
싁	西克
싂	西克
싃	西克
싄	欣
싅	欣
싆	欣
싇	西特
싈	西爾
싉	西克
싊	西姆
싋	西爾
싌	西爾
싍	西爾
싎	西普
싏	西爾
싐	西姆
싑	西普
싒	西普
싓	西特
싔	西特
싕	興
싖	西特
싗	西特
싘	西克
싙	西特
싚	西普
싛	西特
시	西
식	西克
싞	西克
싟	西克
신	欣
싡	欣
싢	欣
싣	西特
실	西爾
싥	西克
싦	西姆
싧	西爾
싨	西爾
싩	西爾
싪	西普
싫	西爾
심	西姆
십	西普
싮	西普
싯	西特
싰	西特
싱	興
싲	西特
싳	西特
싴	西克
싵	西特
싶	西普
싷	西特
싸	薩
싹	薩克
싺	薩克
싻	薩克
싼	尚
싽	尚
싾	尚
싿	薩特
쌀	薩爾
쌁	薩克
쌂	薩姆
쌃	薩爾
쌄	薩爾
쌅	薩爾
쌆	薩普
쌇	薩爾
쌈	薩姆
쌉	薩普
쌊	薩普
쌋	薩特
쌌	薩特
쌍	尚
쌎	薩特
쌏	薩特
쌐	薩克
쌑	薩特
쌒	薩普
쌓	薩特
쌔	塞
쌕	塞克
쌖	塞克
쌗	塞克
쌘	塞恩
쌙	塞恩
쌚	塞恩
쌛	塞特
쌜	塞爾
쌝	塞克
쌞	塞姆
쌟	塞爾
쌠	塞爾
쌡	塞爾
쌢	塞普
쌣	塞爾
쌤	塞姆
쌥	塞普
쌦	塞普
쌧	塞特
쌨	塞特
쌩	塞恩
쌪	塞特
쌫	塞特
쌬	塞克
쌭	塞特
쌮	塞普
쌯	塞特
쌰	薩
쌱	薩克
쌲	薩克
쌳	薩克
쌴	尚
쌵	尚
쌶	尚
쌷	薩特
쌸	薩爾
쌹	薩克
쌺	薩姆
쌻	薩爾
쌼	薩爾
쌽	薩爾
쌾	薩普
쌿	薩爾
썀	薩姆
썁	薩普
썂	薩普
썃	薩特
썄	薩特
썅	尚
썆	薩特
썇	薩特
썈	薩克
썉	薩特
썊	薩普
썋	薩特
썌	塞
썍	塞克
썎	塞克
썏	塞克
썐	塞恩
썑	塞恩
썒	塞恩
썓	塞特
썔	塞爾
썕	塞克
썖	塞姆
썗	塞爾
썘	塞爾
썙	塞爾
썚	塞普
썛	塞爾
썜	塞姆
썝	塞普
썞	塞普
썟	塞特
썠	塞特
썡	塞恩
썢	塞特
썣	塞特
썤	塞克
썥	塞特
썦	塞普
썧	塞特
써	瑟
썩	瑟克
썪	瑟克
썫	瑟克
썬	申
썭	申
썮	申
썯	瑟特
썰	瑟爾
썱	瑟克
썲	瑟姆
썳	瑟爾
썴	瑟爾
썵	瑟爾
썶	瑟普
썷	瑟爾
썸	瑟姆
썹	瑟普
썺	瑟普
썻	瑟特
썼	瑟特
썽	申
썾	瑟特
썿	瑟特
쎀	瑟克
쎁	瑟特
쎂	瑟普
쎃	瑟特
쎄	塞
쎅	塞克
쎆	塞克
쎇	塞克
쎈	塞恩
쎉	塞恩
쎊	塞恩
쎋	塞特
쎌	塞爾
쎍	塞克
쎎	塞姆
쎏	塞爾
쎐	塞爾
쎑	塞爾
쎒	塞普
쎓	塞爾
쎔	塞姆
쎕	塞普
쎖	塞普
쎗	塞特
쎘	塞特
쎙	塞恩
쎚	塞特
쎛	塞特
쎜	塞克
쎝	塞特
쎞	塞普
쎟	塞特
쎠	瑟
쎡	瑟克
쎢	瑟克
쎣	瑟克
쎤	申
쎥	申
쎦	申
쎧	瑟特
쎨	瑟爾
쎩	瑟克
쎪	瑟姆
쎫	瑟爾
쎬	瑟爾
쎭	瑟爾
쎮	瑟普
쎯	瑟爾
쎰	瑟姆
쎱	瑟普
쎲	瑟普
쎳	瑟特
쎴	瑟特
쎵	申
쎶	瑟特
쎷	瑟特
쎸	瑟克
쎹	瑟特
쎺	瑟普
쎻	瑟特
쎼	塞
쎽	塞克
쎾	塞克
쎿	塞克
쏀	塞恩
쏁	塞恩
쏂	塞恩
쏃	塞特
쏄	塞爾
쏅	塞克
쏆	塞姆
쏇	塞爾
쏈	塞爾
쏉	塞爾
쏊	塞普
쏋	塞爾
쏌	塞姆
쏍	塞普
쏎	塞普
쏏	塞特
쏐	塞特
쏑	塞恩
쏒	塞特
쏓	塞特
쏔	塞克
쏕	塞特
쏖	塞普
쏗	塞特
쏘	索
쏙	索克
쏚	索克
쏛	索克
쏜	順
쏝	順
쏞	順
쏟	索特
쏠	索爾
쏡	索克
쏢	索姆
쏣	索爾
쏤	索爾
쏥	索爾
쏦	索普
쏧	索爾
쏨	索姆
쏩	索普
쏪	索普
쏫	索特
쏬	索特
쏭	順
쏮	索特
쏯	索特
쏰	索克
쏱	索特
쏲	索普
쏳	索特
쏴	薩
쏵	薩克
쏶	薩克
쏷	薩克
쏸	尚
쏹	尚
쏺	尚
쏻	薩特
쏼	薩爾
쏽	薩克
쏾	薩姆
쏿	薩爾
쐀	薩爾
쐁	薩爾
쐂	薩普
쐃	薩爾
쐄	薩姆
쐅	薩普
쐆	薩普
쐇	薩特
쐈	薩特
쐉	尚
쐊	薩特
쐋	薩特
쐌	薩克
쐍	薩特
쐎	薩普
쐏	薩特
쐐	塞
쐑	塞克
쐒	塞克
쐓	塞克
쐔	塞恩
쐕	塞恩
쐖	塞恩
쐗	塞特
쐘	塞爾
쐙	塞克
쐚	塞姆
쐛	塞爾
쐜	塞爾
쐝	塞爾
쐞	塞普
쐟	塞爾
쐠	塞姆
쐡	塞普
쐢	塞普
쐣	塞特
쐤	塞特
쐥	塞恩
쐦	塞特
쐧	塞特
쐨	塞克
쐩	塞特
쐪	塞普
쐫	塞特
쐬	塞
쐭	塞克
쐮	塞克
쐯	塞克
쐰	塞恩
쐱	塞恩
쐲	塞恩
쐳	塞特
쐴	塞爾
쐵	塞克
쐶	塞姆
쐷	塞爾
쐸	塞爾
쐹	塞爾
쐺	塞普
쐻	塞爾
쐼	塞姆
쐽	塞普
쐾	塞普
쐿	塞特
쑀	塞特
쑁	塞恩
쑂	塞特
쑃	塞特
쑄	塞克
쑅	塞特
쑆	塞普
쑇	塞特
쑈	索
쑉	索克
쑊	索克
쑋	索克
쑌	順
쑍	順
쑎	順
쑏	索特
쑐	索爾
쑑	索克
쑒	索姆
쑓	索爾
쑔	索爾
쑕	索爾
쑖	索普
쑗	索爾
쑘	索姆
쑙	索普
쑚	索普
쑛	索特
쑜	索特
쑝	順
쑞	索特
쑟	索特
쑠	索克
쑡	索特
쑢	索普
쑣	索特
쑤	蘇
쑥	蘇克
쑦	蘇克
쑧	蘇克
쑨	順
쑩	順
쑪	順
쑫	蘇特
쑬	蘇爾
쑭	蘇克
쑮	蘇姆
쑯	蘇爾
쑰	蘇爾
쑱	蘇爾
쑲	蘇普
쑳	蘇爾
쑴	蘇姆
쑵	蘇普
쑶	蘇普
쑷	蘇特
쑸	蘇特
쑹	順
쑺	蘇特
쑻	蘇特
쑼	蘇克
쑽	蘇特
쑾	蘇普
쑿	蘇特
쒀	瑟
쒁	瑟克
쒂	瑟克
쒃	瑟克
쒄	申
쒅	申
쒆	申
쒇	瑟特
쒈	瑟爾
쒉	瑟克
쒊	瑟姆
쒋	瑟爾
쒌	瑟爾
쒍	瑟爾
쒎	瑟普
쒏	瑟爾
쒐	瑟姆
쒑	瑟普
쒒	瑟普
쒓	瑟特
쒔	瑟特
쒕	申
쒖	瑟特
쒗	瑟特
쒘	瑟克
쒙	瑟特
쒚	瑟普
쒛	瑟特
쒜	塞
쒝	塞克
쒞	塞克
쒟	塞克
쒠	塞恩
쒡	塞恩
쒢	塞恩
쒣	塞特
쒤	塞爾
쒥	塞克
쒦	塞姆
쒧	塞爾
쒨	塞爾
쒩	塞爾
쒪	塞普
쒫	塞爾
쒬	塞姆
쒭	塞普
쒮	塞普
쒯	塞特
쒰	塞特
쒱	塞恩
쒲	塞特
쒳	塞特
쒴	塞克
쒵	塞特
쒶	塞普
쒷	塞特
쒸	西
쒹	西克
쒺	西克
쒻	西克
쒼	欣
쒽	欣
쒾	欣
쒿	西特
쓀	西爾
쓁	西克
쓂	西姆
쓃	西爾
쓄	西爾
쓅	西爾
쓆	西普
쓇	西爾
쓈	西姆
쓉	西普
쓊	西普
쓋	西特
쓌	西特
쓍	興
쓎	西特
쓏	西特
쓐	西克
쓑	西特
쓒	西普
쓓	西特
쓔	蘇
쓕	蘇克
쓖	蘇克
쓗	蘇克
쓘	順
쓙	順
쓚	順
쓛	蘇特
쓜	蘇爾
쓝	蘇克
쓞	蘇姆
쓟	蘇爾
쓠	蘇爾
쓡	蘇爾
쓢	蘇普
쓣	蘇爾
쓤	蘇姆
쓥	蘇普
쓦	蘇普
쓧	蘇特
쓨	蘇特
쓩	順
쓪	蘇特
쓫	蘇特
쓬	蘇克
쓭	蘇特
쓮	蘇普
쓯	蘇特
쓰	蘇
쓱	蘇克
쓲	蘇克
쓳	蘇克
쓴	順
쓵	順
쓶	順
쓷	蘇特
쓸	蘇爾
쓹	蘇克
쓺	蘇姆
쓻	蘇爾
쓼	蘇爾
쓽	蘇爾
쓾	蘇普
쓿	蘇爾
씀	蘇姆
씁	蘇普
씂	蘇普
씃	蘇特
씄	蘇特
씅	順
씆	蘇特
씇	蘇特
씈	蘇克
씉	蘇特
씊	蘇普
씋	蘇特
씌	西
씍	西克
씎	西克
씏	西克
씐	欣
씑	欣
씒	欣
씓	西特
씔	西爾
씕	西克
씖	西姆
씗	西爾
씘	西爾
씙	西爾
씚	西普
씛	西爾
씜	西姆
씝	西普
씞	西普
씟	西特
씠	西特
씡	興
씢	西特
씣	西特
씤	西克
씥	西特
씦	西普
씧	西特
씨	西
씩	西克
씪	西克
씫	西克
씬	欣
씭	欣
씮	欣
씯	西特
씰	西爾
씱	西克
씲	西姆
씳	西爾
씴	西爾
씵	西爾
씶	西普
씷	西爾
씸	西姆
씹	西普
씺	西普
씻	西特
씼	西特
씽	興
씾	西特
씿	西特
앀	西克
앁	西特
앂	西普
앃	西特
아	阿
악	阿克
앆	阿克
앇	阿克
안	安
앉	安
않	安
앋	阿特
알	阿爾
앍	阿克
앎	阿姆
앏	阿爾
앐	阿爾
앑	阿爾
앒	阿普
앓	阿爾
암	阿姆
압	阿普
앖	阿普
앗	阿特
았	阿特
앙	昂
앚	阿特
앛	阿特
앜	阿克
앝	阿特
앞	阿普
앟	阿特
애	埃
액	埃克
앢	埃克
앣	埃克
앤	埃恩
앥	埃恩
앦	埃恩
앧	埃特
앨	埃爾
앩	埃克
앪	埃姆
앫	埃爾
앬	埃爾
앭	埃爾
앮	埃普
앯	埃爾
앰	埃姆
앱	埃普
앲	埃普
앳	埃特
앴	埃特
앵	埃恩
앶	埃特
앷	埃特
앸	埃克
앹	埃特
앺	埃普
앻	埃特
야	阿
약	阿克
앾	阿克
앿	阿克
얀	安
얁	安
얂	安
얃	阿特
얄	阿爾
얅	阿克
얆	阿姆
얇	阿爾
얈	阿爾
얉	阿爾
얊	阿普
얋	阿爾
얌	阿姆
얍	阿普
얎	阿普
얏	阿特
얐	阿特
양	昂
얒	阿特
얓	阿特
얔	阿克
얕	阿特
얖	阿普
얗	阿特
얘	埃
얙	埃克
얚	埃克
얛	埃克
얜	埃恩
얝	埃恩
얞	埃恩
얟	埃特
얠	埃爾
얡	埃克
얢	埃姆
얣	埃爾
얤	埃爾
얥	埃爾
얦	埃普
얧	埃爾
얨	埃姆
얩	埃普
얪	埃普
얫	埃特
얬	埃特
얭	埃恩
얮	埃特
얯	埃特
얰	埃克
얱	埃特
얲	埃普
얳	埃特
어	厄
억	厄克
얶	厄克
얷	厄克
언	恩
얹	恩
얺	恩
얻	厄特
얼	厄爾
얽	厄克
얾	厄姆
얿	厄爾
엀	厄爾
엁	厄爾
엂	厄普
엃	厄爾
엄	厄姆
업	厄普
없	厄普
엇	厄特
었	厄特
엉	恩
엊	厄特
엋	厄特
엌	厄克
엍	厄特
엎	厄普
엏	厄特
에	埃
엑	埃克
엒	埃克
엓	埃克
엔	埃恩
엕	埃恩
엖	埃恩
엗	埃特
엘	埃爾
엙	埃克
엚	埃姆
엛	埃爾
엜	埃爾
엝	埃爾
엞	埃普
엟	埃爾
엠	埃姆
엡	埃普
엢	埃普
엣	埃特
엤	埃特
엥	埃恩
엦	埃特
엧	埃特
엨	埃克
엩	埃特
엪	埃普
엫	埃特
여	厄
역	厄克
엮	厄克
엯	厄克
연	恩
엱	恩
엲	恩
엳	厄特
열	厄爾
엵	厄克
엶	厄姆
엷	厄爾
엸	厄爾
엹	厄爾
엺	厄普
엻	厄爾
염	厄姆
엽	厄普
엾	厄普
엿	厄特
였	厄特
영	恩
옂	厄特
옃	厄特
옄	厄克
옅	厄特
옆	厄普
옇	厄特
예	埃
옉	埃克
옊	埃克
옋	埃克
옌	埃恩
옍	埃恩
옎	埃恩
옏	埃特
옐	埃爾
옑	埃克
옒	埃姆
옓	埃爾
옔	埃爾
옕	埃爾
옖	埃普
옗	埃爾
옘	埃姆
옙	埃普
옚	埃普
옛	埃特
옜	埃特
옝	埃恩
옞	埃特
옟	埃特
옠	埃克
옡	埃特
옢	埃普
옣	埃特
오	奧
옥	奧克
옦	奧克
옧	奧克
온	溫
옩	溫
옪	溫
옫	奧特
올	奧爾
옭	奧克
옮	奧姆
옯	奧爾
옰	奧爾
옱	奧爾
옲	奧普
옳	奧爾
옴	奧姆
옵	奧普
옶	奧普
옷	奧特
옸	奧特
옹	溫
옺	奧特
옻	奧特
옼	奧克
옽	奧特
옾	奧普
옿	奧特
와	阿
왁	阿克
왂	阿克
왃	阿克
완	安
왅	安
왆	安
왇	阿特
왈	阿爾
왉	阿克
왊	阿姆
왋	阿爾
왌	阿爾
왍	阿爾
왎	阿普
왏	阿爾
왐	阿姆
왑	阿普
왒	阿普
왓	阿特
왔	阿特
왕	昂
왖	阿特
왗	阿特
왘	阿克
왙	阿特
왚	阿普
왛	阿特
왜	埃
왝	埃克
왞	埃克
왟	埃克
왠	埃恩
왡	埃恩
왢	埃恩
왣	埃特
왤	埃爾
왥	埃克
왦	埃姆
왧	埃爾
왨	埃爾
왩	埃爾
왪	埃普
왫	埃爾
왬	埃姆
왭	埃普
왮	埃普
왯	埃特
왰	埃特
왱	埃恩
왲	埃特
왳	埃特
왴	埃克
왵	埃特
왶	埃普
왷	埃特
외	埃
왹	埃克
왺	埃克
왻	埃克
왼	埃恩
왽	埃恩
왾	埃恩
왿	埃特
욀	埃爾
욁	埃克
욂	埃姆
욃	埃爾
욄	埃爾
욅	埃爾
욆	埃普
욇	埃爾
욈	埃姆
욉	埃普
욊	埃普
욋	埃特
욌	埃特
욍	埃恩
욎	埃特
욏	埃特
욐	埃克
욑	埃特
욒	埃普
욓	埃特
요	奧
욕	奧克
욖	奧克
욗	奧克
욘	溫
욙	溫
욚	溫
욛	奧特
욜	奧爾
욝	奧克
욞	奧姆
욟	奧爾
욠	奧爾
욡	奧爾
욢	奧普
욣	奧爾
욤	奧姆
욥	奧普
욦	奧普
욧	奧特
욨	奧特
용	溫
욪	奧特
욫	奧特
욬	奧克
욭	奧特
욮	奧普
욯	奧特
우	烏
욱	烏克
욲	烏克
욳	烏克
운	溫
욵	溫
욶	溫
욷	烏特
울	烏爾
욹	烏克
욺	烏姆
욻	烏爾
욼	烏爾
욽	烏爾
욾	烏普
욿	烏爾
움	烏姆
웁	烏普
웂	烏普
웃	烏特
웄	烏特
웅	溫
웆	烏特
웇	烏特
웈	烏克
웉	烏特
웊	烏普
웋	烏特
워	厄
웍	厄克
웎	厄克
웏	厄克
원	恩
웑	恩
웒	恩
웓	厄特
월	厄爾
웕	厄克
웖	厄姆
웗	厄爾
웘	厄爾
웙	厄爾
웚	厄普
웛	厄爾
웜	厄姆
웝	厄普
웞	厄普
웟	厄特
웠	厄特
웡	恩
웢	厄特
웣	厄特
웤	厄克
웥	厄特
웦	厄普
웧	厄特
웨	埃
웩	埃克
웪	埃克
웫	埃克
웬	埃恩
웭	埃恩
웮	埃恩
웯	埃特
웰	埃爾
웱	埃克
웲	埃姆
웳	埃爾
웴	埃爾
웵	埃爾
웶	埃普
웷	埃爾
웸	埃姆
웹	埃普
웺	埃普
웻	埃特
웼	埃特
웽	埃恩
웾	埃特
웿	埃特
윀	埃克
윁	埃特
윂	埃普
윃	埃特
위	伊
윅	伊克
윆	伊克
윇	伊克
윈	因
윉	因
윊	因
윋	伊特
윌	伊爾
윍	伊克
윎	伊姆
윏	伊爾
윐	伊爾
윑	伊爾
윒	伊普
윓	伊爾
윔	伊姆
윕	伊普
윖	伊普
윗	伊特
윘	伊特
윙	英
윚	伊特
윛	伊特
윜	伊克
윝	伊特
윞	伊普
윟	伊特
유	烏
육	烏克
윢	烏克
윣	烏克
윤	溫
윥	溫
윦	溫
윧	烏特
율	烏爾
윩	烏克
윪	烏姆
윫	烏爾
윬	烏爾
윭	烏爾
윮	烏普
윯	烏爾
윰	烏姆
윱	烏普
윲	烏普
윳	烏特
윴	烏特
융	溫
윶	烏特
윷	烏特
윸	烏克
윹	烏特
윺	烏普
윻	烏特
으	烏
윽	烏克
윾	烏克
윿	烏克
은	溫
읁	溫
읂	溫
읃	烏特
을	烏爾
읅	烏克
읆	烏姆
읇	烏爾
읈	烏爾
읉	烏爾
읊	烏普
읋	烏爾
음	烏姆
읍	烏普
읎	烏普
읏	烏特
읐	烏特
응	溫
읒	烏特
읓	烏特
읔	烏克
읕	烏特
읖	烏普
읗	烏特
의	伊
읙	伊克
읚	伊克
읛	伊克
읜	因
읝	因
읞	因
읟	伊特
읠	伊爾
읡	伊克
읢	伊姆
읣	伊爾
읤	伊爾
읥	伊爾
읦	伊普
읧	伊爾
읨	伊姆
읩	伊普
읪	伊普
읫	伊特
읬	伊特
읭	英
읮	伊特
읯	伊特
읰	伊克
읱	伊特
읲	伊普
읳	伊特
이	伊
익	伊克
읶	伊克
읷	伊克
인	因
읹	因
읺	因
읻	伊特
일	伊爾
읽	伊克
읾	伊姆
읿	伊爾
잀	伊爾
잁	伊爾
잂	伊普
잃	伊爾
임	伊姆
입	伊普
잆	伊普
잇	伊特
있	伊特
잉	英
잊	伊特
잋	伊特
잌	伊克
잍	伊特
잎	伊普
잏	伊特
자	賈
작	賈克
잒	賈克
잓	賈克
잔	詹
잕	詹
잖	詹
잗	賈特
잘	賈爾
잙	賈克
잚	賈姆
잛	賈爾
잜	賈爾
잝	賈爾
잞	賈普
잟	賈爾
잠	賈姆
잡	賈普
잢	賈普
잣	賈特
잤	賈特
장	章
잦	賈特
잧	賈特
잨	賈克
잩	賈特
잪	賈普
잫	賈特
재	傑
잭	傑克
잮	傑克
잯	傑克
잰	傑恩
잱	傑恩
잲	傑恩
잳	傑特
잴	傑爾
잵	傑克
잶	傑姆
잷	傑爾
잸	傑爾
잹	傑爾
잺	傑普
잻	傑爾
잼	傑姆
잽	傑普
잾	傑普
잿	傑特
쟀	傑特
쟁	傑恩
쟂	傑特
쟃	傑特
쟄	傑克
쟅	傑特
쟆	傑普
쟇	傑特
쟈	賈
쟉	賈克
쟊	賈克
쟋	賈克
쟌	詹
쟍	詹
쟎	詹
쟏	賈特
쟐	賈爾
쟑	賈克
쟒	賈姆
쟓	賈爾
쟔	賈爾
쟕	賈爾
쟖	賈普
쟗	賈爾
쟘	賈姆
쟙	賈普
쟚	賈普
쟛	賈特
쟜	賈特
쟝	章
쟞	賈特
쟟	賈特
쟠	賈克
쟡	賈特
쟢	賈普
쟣	賈特
쟤	傑
쟥	傑克
쟦	傑克
쟧	傑克
쟨	傑恩
쟩	傑恩
쟪	傑恩
쟫	傑特
쟬	傑爾
쟭	傑克
쟮	傑姆
쟯	傑爾
쟰	傑爾
쟱	傑爾
쟲	傑普
쟳	傑爾
쟴	傑姆
쟵	傑普
쟶	傑普
쟷	傑特
쟸	傑特
쟹	傑恩
쟺	傑特
쟻	傑特
쟼	傑克
쟽	傑特
쟾	傑普
쟿	傑特
저	哲
적	哲克
젂	哲克
젃	哲克
전	真
젅	真
젆	真
젇	哲特
절	哲爾
젉	哲克
젊	哲姆
젋	哲爾
젌	哲爾
젍	哲爾
젎	哲普
젏	哲爾
점	哲姆
접	哲普
젒	哲普
젓	哲特
젔	哲特
정	真
젖	哲特
젗	哲特
젘	哲克
젙	哲特
젚	哲普
젛	哲特
제	傑
젝	傑克
젞	傑克
젟	傑克
젠	傑恩
젡	傑恩
젢	傑恩
젣	傑特
젤	傑爾
젥	傑克
젦	傑姆
젧	傑爾
젨	傑爾
젩	傑爾
젪	傑普
젫	傑爾
젬	傑姆
젭	傑普
젮	傑普
젯	傑特
젰	傑特
젱	傑恩
젲	傑特
젳	傑特
젴	傑克
젵	傑特
젶	傑普
젷	傑特
져	哲
젹	哲克
젺	哲克
젻	哲克
젼	真
젽	真
젾	真
젿	哲特
졀	哲爾
졁	哲克
졂	哲姆
졃	哲爾
졄	哲爾
졅	哲爾
졆	哲普
졇	哲爾
졈	哲姆
졉	哲普
졊	哲普
졋	哲特
졌	哲特
졍	真
졎	哲特
졏	哲特
졐	哲克
졑	哲特
졒	哲普
졓	哲特
졔	傑
졕	傑克
졖	傑克
졗	傑克
졘	傑恩
졙	傑恩
졚	傑恩
졛	傑特
졜	傑爾
졝	傑克
졞	傑姆
졟	傑爾
졠	傑爾
졡	傑爾
졢	傑普
졣	傑爾
졤	傑姆
졥	傑普
졦	傑普
졧	傑特
졨	傑特
졩	傑恩
졪	傑特
졫	傑特
졬	傑克
졭	傑特
졮	傑普
졯	傑特
조	佐
족	佐克
졲	佐克
졳	佐克
존	準
졵	準
졶	準
졷	佐特
졸	佐爾
졹	佐克
졺	佐姆
졻	佐爾
졼	佐爾
졽	佐爾
졾	佐普
졿	佐爾
좀	佐姆
좁	佐普
좂	佐普
좃	佐特
좄	佐特
종	準
좆	佐特
좇	佐特
좈	佐克
좉	佐特
좊	佐普
좋	佐特
좌	賈
좍	賈克
좎	賈克
좏	賈克
좐	詹
좑	詹
좒	詹
좓	賈特
좔	賈爾
좕	賈克
좖	賈姆
좗	賈爾
좘	賈爾
좙	賈爾
좚	賈普
좛	賈爾
좜	賈姆
좝	賈普
좞	賈普
좟	賈特
좠	賈特
좡	章
좢	賈特
좣	賈特
좤	賈克
좥	賈特
좦	賈普
좧	賈特
좨	傑
좩	傑克
좪	傑克
좫	傑克
좬	傑恩
좭	傑恩
좮	傑恩
좯	傑特
좰	傑爾
좱	傑克
좲	傑姆
좳	傑爾
좴	傑爾
좵	傑爾
좶	傑普
좷	傑爾
좸	傑姆
좹	傑普
좺	傑普
좻	傑特
좼	傑特
좽	傑恩
좾	傑特
좿	傑特
죀	傑克
죁	傑特
죂	傑普
죃	傑特
죄	傑
죅	傑克
죆	傑克
죇	傑克
죈	傑恩
죉	傑恩
죊	傑恩
죋	傑特
죌	傑爾
죍	傑克
죎	傑姆
죏	傑爾
죐	傑爾
죑	傑爾
죒	傑普
죓	傑爾
죔	傑姆
죕	傑普
죖	傑普
죗	傑特
죘	傑特
죙	傑恩
죚	傑特
죛	傑特
죜	傑克
죝	傑特
죞	傑普
죟	傑特
죠	佐
죡	佐克
죢	佐克
죣	佐克
죤	準
죥	準
죦	準
죧	佐特
죨	佐爾
죩	佐克
죪	佐姆
죫	佐爾
죬	佐爾
죭	佐爾
죮	佐普
죯	佐爾
죰	佐姆
죱	佐普
죲	佐普
죳	佐特
죴	佐特
죵	準
죶	佐特
죷	佐特
죸	佐克
죹	佐特
죺	佐普
죻	佐特
주	朱
죽	朱克
죾	朱克
죿	朱克
준	準
줁	準
줂	準
줃	朱特
줄	朱爾
줅	朱克
줆	朱姆
줇	朱爾
줈	朱爾
줉	朱爾
줊	朱普
줋	朱爾
줌	朱姆
줍	朱普
줎	朱普
줏	朱特
줐	朱特
중	準
줒	朱特
줓	朱特
줔	朱克
줕	朱特
줖	朱普
줗	朱特
줘	哲
줙	哲克
줚	哲克
줛	哲克
줜	真
줝	真
줞	真
줟	哲特
줠	哲爾
줡	哲克
줢	哲姆
줣	哲爾
줤	哲爾
줥	哲爾
줦	哲普
줧	哲爾
줨	哲姆
줩	哲普
줪	哲普
줫	哲特
줬	哲特
줭	真
줮	哲特
줯	哲特
줰	哲克
줱	哲特
줲	哲普
줳	哲特
줴	傑
줵	傑克
줶	傑克
줷	傑克
줸	傑恩
줹	傑恩
줺	傑恩
줻	傑特
줼	傑爾
줽	傑克
줾	傑姆
줿	傑爾
쥀	傑爾
쥁	傑爾
쥂	傑普
쥃	傑爾
쥄	傑姆
쥅	傑普
쥆	傑普
쥇	傑特
쥈	傑特
쥉	傑恩
쥊	傑特
쥋	傑特
쥌	傑克
쥍	傑特
쥎	傑普
쥏	傑特
쥐	吉
쥑	吉克
쥒	吉克
쥓	吉克
쥔	金
쥕	金
쥖	金
쥗	吉特
쥘	吉爾
쥙	吉克
쥚	吉姆
쥛	吉爾
쥜	吉爾
쥝	吉爾
쥞	吉普
쥟	吉爾
쥠	吉姆
쥡	吉普
쥢	吉普
쥣	吉特
쥤	吉特
쥥	京
쥦	吉特
쥧	吉特
쥨	吉克
쥩	吉特
쥪	吉普
쥫	吉特
쥬	朱
쥭	朱克
쥮	朱克
쥯	朱克
쥰	準
쥱	準
쥲	準
쥳	朱特
쥴	朱爾
쥵	朱克
쥶	朱姆
쥷	朱爾
쥸	朱爾
쥹	朱爾
쥺	朱普
쥻	朱爾
쥼	朱姆
쥽	朱普
쥾	朱普
쥿	朱特
즀	朱特
즁	準
즂	朱特
즃	朱特
즄	朱克
즅	朱特
즆	朱普
즇	朱特
즈	朱
즉	朱克
즊	朱克
즋	朱克
즌	準
즍	準
즎	準
즏	朱特
즐	朱爾
즑	朱克
즒	朱姆
즓	朱爾
즔	朱爾
즕	朱爾
즖	朱普
즗	朱爾
즘	朱姆
즙	朱普
즚	朱普
즛	朱特
즜	朱特
증	準
즞	朱特
즟	朱特
즠	朱克
즡	朱特
즢	朱普
즣	朱特
즤	吉
즥	吉克
즦	吉克
즧	吉克
즨	金
즩	金
즪	金
즫	吉特
즬	吉爾
즭	吉克
즮	吉姆
즯	吉爾
즰	吉爾
즱	吉爾
즲	吉普
즳	吉爾
즴	吉姆
즵	吉普
즶	吉普
즷	吉特
즸	吉特
즹	京
즺	吉特
즻	吉特
즼	吉克
즽	吉特
즾	吉普
즿	吉特
지	吉
직	吉克
짂	吉克
짃	吉克
진	金
짅	金
짆	金
짇	吉特
질	吉爾
짉	吉克
짊	吉姆
짋	吉爾
짌	吉爾
짍	吉爾
짎	吉普
짏	吉爾
짐	吉姆
집	吉普
짒	吉普
짓	吉特
짔	吉特
징	京
짖	吉特
짗	吉特
짘	吉克
짙	吉特
짚	吉普
짛	吉特
짜	賈
짝	賈克
짞	賈克
짟	賈克
짠	詹
짡	詹
짢	詹
짣	賈特
짤	賈爾
짥	賈克
짦	賈姆
짧	賈爾
짨	賈爾
짩	賈爾
짪	賈普
짫	賈爾
짬	賈姆
짭	賈普
짮	賈普
짯	賈特
짰	賈特
짱	章
짲	賈特
짳	賈特
짴	賈克
짵	賈特
짶	賈普
짷	賈特
째	傑
짹	傑克
짺	傑克
짻	傑克
짼	傑恩
짽	傑恩
짾	傑恩
짿	傑特
쨀	傑爾
쨁	傑克
쨂	傑姆
쨃	傑爾
쨄	傑爾
쨅	傑爾
쨆	傑普
쨇	傑爾
쨈	傑姆
쨉	傑普
쨊	傑普
쨋	傑特
쨌	傑特
쨍	傑恩
쨎	傑特
쨏	傑特
쨐	傑克
쨑	傑特
쨒	傑普
쨓	傑特
쨔	賈
쨕	賈克
쨖	賈克
쨗	賈克
쨘	詹
쨙	詹
쨚	詹
쨛	賈特
쨜	賈爾
쨝	賈克
쨞	賈姆
쨟	賈爾
쨠	賈爾
쨡	賈爾
쨢	賈普
쨣	賈爾
쨤	賈姆
쨥	賈普
쨦	賈普
쨧	賈特
쨨	賈特
쨩	章
쨪	賈特
쨫	賈特
쨬	賈克
쨭	賈特
쨮	賈普
쨯	賈特
쨰	傑
쨱	傑克
쨲	傑克
쨳	傑克
쨴	傑恩
쨵	傑恩
쨶	傑恩
쨷	傑特
쨸	傑爾
쨹	傑克
쨺	傑姆
쨻	傑爾
쨼	傑爾
쨽	傑爾
쨾	傑普
쨿	傑爾
쩀	傑姆
쩁	傑普
쩂	傑普
쩃	傑特
쩄	傑特
쩅	傑恩
쩆	傑特
쩇	傑特
쩈	傑克
쩉	傑特
쩊	傑普
쩋	傑特
쩌	哲
쩍	哲克
쩎	哲克
쩏	哲克
쩐	真
쩑	真
쩒	真
쩓	哲特
쩔	哲爾
쩕	哲克
쩖	哲姆
쩗	哲爾
쩘	哲爾
쩙	哲爾
쩚	哲普
쩛	哲爾
쩜	哲姆
쩝	哲普
쩞	哲普
쩟	哲特
쩠	哲特
쩡	真
쩢	哲特
쩣	哲特
쩤	哲克
쩥	哲特
쩦	哲普
쩧	哲特
쩨	傑
쩩	傑克
쩪	傑克
쩫	傑克
쩬	傑恩
쩭	傑恩
쩮	傑恩
쩯	傑特
쩰	傑爾
쩱	傑克
쩲	傑姆
쩳	傑爾
쩴	傑爾
쩵	傑爾
쩶	傑普
쩷	傑爾
쩸	傑姆
쩹	傑普
쩺	傑普
쩻	傑特
쩼	傑特
쩽	傑恩
쩾	傑特
쩿	傑特
쪀	傑克
쪁	傑特
쪂	傑普
쪃	傑特
쪄	哲
쪅	哲克
쪆	哲克
쪇	哲克
쪈	真
쪉	真
쪊	真
쪋	哲特
쪌	哲爾
쪍	哲克
쪎	哲姆
쪏	哲爾
쪐	哲爾
쪑	哲爾
쪒	哲普
쪓	哲爾
쪔	哲姆
쪕	哲普
쪖	哲普
쪗	哲特
쪘	哲特
쪙	真
쪚	哲特
쪛	哲特
쪜	哲克
쪝	哲特
쪞	哲普
쪟	哲特
쪠	傑
쪡	傑克
쪢	傑克
쪣	傑克
쪤	傑恩
쪥	傑恩
쪦	傑恩
쪧	傑特
쪨	傑爾
쪩	傑克
쪪	傑姆
쪫	傑爾
쪬	傑爾
쪭	傑爾
쪮	傑普
쪯	傑爾
쪰	傑姆
쪱	傑普
쪲	傑普
쪳	傑特
쪴	傑特
쪵	傑恩
쪶	傑特
쪷	傑特
쪸	傑克
쪹	傑特
쪺	傑普
쪻	傑特
쪼	佐
쪽	佐克
쪾	佐克
쪿	佐克
쫀	準
쫁	準
쫂	準
쫃	佐特
쫄	佐爾
쫅	佐克
쫆	佐姆
쫇	佐爾
쫈	佐爾
쫉	佐爾
쫊	佐普
쫋	佐爾
쫌	佐姆
쫍	佐普
쫎	佐普
쫏	佐特
쫐	佐特
쫑	準
쫒	佐特
쫓	佐特
쫔	佐克
쫕	佐特
쫖	佐普
쫗	佐特
쫘	賈
쫙	賈克
쫚	賈克
쫛	賈克
쫜	詹
쫝	詹
쫞	詹
쫟	賈特
쫠	賈爾
쫡	賈克
쫢	賈姆
쫣	賈爾
쫤	賈爾
쫥	賈爾
쫦	賈普
쫧	賈爾
쫨	賈姆
쫩	賈普
쫪	賈普
쫫	賈特
쫬	賈特
쫭	章
쫮	賈特
쫯	賈特
쫰	賈克
쫱	賈特
쫲	賈普
쫳	賈特
쫴	傑
쫵	傑克
쫶	傑克
쫷	傑克
쫸	傑恩
쫹	傑恩
쫺	傑恩
쫻	傑特
쫼	傑爾
쫽	傑克
쫾	傑姆
쫿	傑爾
쬀	傑爾
쬁	傑爾
쬂	傑普
쬃	傑爾
쬄	傑姆
쬅	傑普
쬆	傑普
쬇	傑特
쬈	傑特
쬉	傑恩
쬊	傑特
쬋	傑特
쬌	傑克
쬍	傑特
쬎	傑普
쬏	傑特
쬐	傑
쬑	傑克
쬒	傑克
쬓	傑克
쬔	傑恩
쬕	傑恩
쬖	傑恩
쬗	傑特
쬘	傑爾
쬙	傑克
쬚	傑姆
쬛	傑爾
쬜	傑爾
쬝	傑爾
쬞	傑普
쬟	傑爾
쬠	傑姆
쬡	傑普
쬢	傑普
쬣	傑特
쬤	傑特
쬥	傑恩
쬦	傑特
쬧	傑特
쬨	傑克
쬩	傑特
쬪	傑普
쬫	傑特
쬬	佐
쬭	佐克
쬮	佐克
쬯	佐克
쬰	準
쬱	準
쬲	準
쬳	佐特
쬴	佐爾
쬵	佐克
쬶	佐姆
쬷	佐爾
쬸	佐爾
쬹	佐爾
쬺	佐普
쬻	佐爾
쬼	佐姆
쬽	佐普
쬾	佐普
쬿	佐特
쭀	佐特
쭁	準
쭂	佐特
쭃	佐特
쭄	佐克
쭅	佐特
쭆	佐普
쭇	佐特
쭈	朱
쭉	朱克
쭊	朱克
쭋	朱克
쭌	準
쭍	準
쭎	準
쭏	朱特
쭐	朱爾
쭑	朱克
쭒	朱姆
쭓	朱爾
쭔	朱爾
쭕	朱爾
쭖	朱普
쭗	朱爾
쭘	朱姆
쭙	朱普
쭚	朱普
쭛	朱特
쭜	朱特
쭝	準
쭞	朱特
쭟	朱特
쭠	朱克
쭡	朱特
쭢	朱普
쭣	朱特
쭤	哲
쭥	哲克
쭦	哲克
쭧	哲克
쭨	真
쭩	真
쭪	真
쭫	哲特
쭬	哲爾
쭭	哲克
쭮	哲姆
쭯	哲爾
쭰	哲爾
쭱	哲爾
쭲	哲普
쭳	哲爾
쭴	哲姆
쭵	哲普
쭶	哲普
쭷	哲特
쭸	哲特
쭹	真
쭺	哲特
쭻	哲特
쭼	哲克
쭽	哲特
쭾	哲普
쭿	哲特
쮀	傑
쮁	傑克
쮂	傑克
쮃	傑克
쮄	傑恩
쮅	傑恩
쮆	傑恩
쮇	傑特
쮈	傑爾
쮉	傑克
쮊	傑姆
쮋	傑爾
쮌	傑爾
쮍	傑爾
쮎	傑普
쮏	傑爾
쮐	傑姆
쮑	傑普
쮒	傑普
쮓	傑特
쮔	傑特
쮕	傑恩
쮖	傑特
쮗	傑特
쮘	傑克
쮙	傑特
쮚	傑普
쮛	傑特
쮜	吉
쮝	吉克
쮞	吉克
쮟	吉克
쮠	金
쮡	金
쮢	金
쮣	吉特
쮤	吉爾
쮥	吉克
쮦	吉姆
쮧	吉爾
쮨	吉爾
쮩	吉爾
쮪	吉普
쮫	吉爾
쮬	吉姆
쮭	吉普
쮮	吉普
쮯	吉特
쮰	吉特
쮱	京
쮲	吉特
쮳	吉特
쮴	吉克
쮵	吉特
쮶	吉普
쮷	吉特
쮸	朱
쮹	朱克
쮺	朱克
쮻	朱克
쮼	準
쮽	準
쮾	準
쮿	朱特
쯀	朱爾
쯁	朱克
쯂	朱姆
쯃	朱爾
쯄	朱爾
쯅	朱爾
쯆	朱普
쯇	朱爾
쯈	朱姆
쯉	朱普
쯊	朱普
쯋	朱特
쯌	朱特
쯍	準
쯎	朱特
쯏	朱特
쯐	朱克
쯑	朱特
쯒	朱普
쯓	朱特
쯔	朱
쯕	朱克
쯖	朱克
쯗	朱克
쯘	準
쯙	準
쯚	準
쯛	朱特
쯜	朱爾
쯝	朱克
쯞	朱姆
쯟	朱爾
쯠	朱爾
쯡	朱爾
쯢	朱普
쯣	朱爾
쯤	朱姆
쯥	朱普
쯦	朱普
쯧	朱特
쯨	朱特
쯩	準
쯪	朱特
쯫	朱特
쯬	朱克
쯭	朱特
쯮	朱普
쯯	朱特
쯰	吉
쯱	吉克
쯲	吉克
쯳	吉克
쯴	金
쯵	金
쯶	金
쯷	吉特
쯸	吉爾
쯹	吉克
쯺	吉姆
쯻	吉爾
쯼	吉爾
쯽	吉爾
쯾	吉普
쯿	吉爾
찀	吉姆
찁	吉普
찂	吉普
찃	吉特
찄	吉特
찅	京
찆	吉特
찇	吉特
찈	吉克
찉	吉特
찊	吉普
찋	吉特
찌	吉
찍	吉克
찎	吉克
찏	吉克
찐	金
찑	金
찒	金
찓	吉特
찔	吉爾
찕	吉克
찖	吉姆
찗	吉爾
찘	吉爾
찙	吉爾
찚	吉普
찛	吉爾
찜	吉姆
찝	吉普
찞	吉普
찟	吉特
찠	吉特
찡	京
찢	吉特
찣	吉特
찤	吉克
찥	吉特
찦	吉普
찧	吉特
차	查
착	查克
찪	查克
찫	查克
찬	錢
찭	錢
찮	錢
찯	查特
찰	查爾
찱	查克
찲	查姆
찳	查爾
찴	查爾
찵	查爾
찶	查普
찷	查爾
참	查姆
찹	查普
찺	查普
찻	查特
찼	查特
창	昌
찾	查特
찿	查特
챀	查克
챁	查特
챂	查普
챃	查特
채	切
책	切克
챆	切克
챇	切克
챈	切恩
챉	切恩
챊	切恩
챋	切特
챌	切爾
챍	切克
챎	切姆
챏	切爾
챐	切爾
챑	切爾
챒	切普
챓	切爾
챔	切姆
챕	切普
챖	切普
챗	切特
챘	切特
챙	切恩
챚	切特
챛	切特
챜	切克
챝	切特
챞	切普
챟	切特
챠	查
챡	查克
챢	查克
챣	查克
챤	錢
챥	錢
챦	錢
챧	查特
챨	查爾
챩	查克
챪	查姆
챫	查爾
챬	查爾
챭	查爾
챮	查普
챯	查爾
챰	查姆
챱	查普
챲	查普
챳	查特
챴	查特
챵	昌
챶	查特
챷	查特
챸	查克
챹	查特
챺	查普
챻	查特
챼	切
챽	切克
챾	切克
챿	切克
첀	切恩
첁	切恩
첂	切恩
첃	切特
첄	切爾
첅	切克
첆	切姆
첇	切爾
첈	切爾
첉	切爾
첊	切普
첋	切爾
첌	切姆
첍	切普
첎	切普
첏	切特
첐	切特
첑	切恩
첒	切特
첓	切特
첔	切克
첕	切特
첖	切普
첗	切特
처	徹
척	徹克
첚	徹克
첛	徹克
천	琴
첝	琴
첞	琴
첟	徹特
철	徹爾
첡	徹克
첢	徹姆
첣	徹爾
첤	徹爾
첥	徹爾
첦	徹普
첧	徹爾
첨	徹姆
첩	徹普
첪	徹普
첫	徹特
첬	徹特
청	琴
첮	徹特
첯	徹特
첰	徹克
첱	徹特
첲	徹普
첳	徹特
체	切
첵	切克
첶	切克
첷	切克
첸	切恩
첹	切恩
첺	切恩
첻	切特
첼	切爾
첽	切克
첾	切姆
첿	切爾
쳀	切爾
쳁	切爾
쳂	切普
쳃	切爾
쳄	切姆
쳅	切普
쳆	切普
쳇	切特
쳈	切特
쳉	切恩
쳊	切特
쳋	切特
쳌	切克
쳍	切特
쳎	切普
쳏	切特
쳐	徹
쳑	徹克
쳒	徹克
쳓	徹克
쳔	琴
쳕	琴
쳖	琴
쳗	徹特
쳘	徹爾
쳙	徹克
쳚	徹姆
쳛	徹爾
쳜	徹爾
쳝	徹爾
쳞	徹普
쳟	徹爾
쳠	徹姆
쳡	徹普
쳢	徹普
쳣	徹特
쳤	徹特
쳥	琴
쳦	徹特
쳧	徹特
쳨	徹克
쳩	徹特
쳪	徹普
쳫	徹特
쳬	切
쳭	切克
쳮	切克
쳯	切克
쳰	切恩
쳱	切恩
쳲	切恩
쳳	切特
쳴	切爾
쳵	切克
쳶	切姆
쳷	切爾
쳸	切爾
쳹	切爾
쳺	切普
쳻	切爾
쳼	切姆
쳽	切普
쳾	切普
쳿	切特
촀	切特
촁	切恩
촂	切特
촃	切特
촄	切克
촅	切特
촆	切普
촇	切特
초	喬
촉	喬克
촊	喬克
촋	喬克
촌	春
촍	春
촎	春
촏	喬特
촐	喬爾
촑	喬克
촒	喬姆
촓	喬爾
촔	喬爾
촕	喬爾
촖	喬普
촗	喬爾
촘	喬姆
촙	喬普
촚	喬普
촛	喬特
촜	喬特
총	春
촞	喬特
촟	喬特
촠	喬克
촡	喬特
촢	喬普
촣	喬特
촤	查
촥	查克
촦	查克
촧	查克
촨	錢
촩	錢
촪	錢
촫	查特
촬	查爾
촭	查克
촮	查姆
촯	查爾
촰	查爾
촱	查爾
촲	查普
촳	查爾
촴	查姆
촵	查普
촶	查普
촷	查特
촸	查特
촹	昌
촺	查特
촻	查特
촼	查克
촽	查特
촾	查普
촿	查特
쵀	切
쵁	切克
쵂	切克
쵃	切克
쵄	切恩
쵅	切恩
쵆	切恩
쵇	切特
쵈	切爾
쵉	切克
쵊	切姆
쵋	切爾
쵌	切爾
쵍	切爾
쵎	切普
쵏	切爾
쵐	切姆
쵑	切普
쵒	切普
쵓	切特
쵔	切特
쵕	切恩
쵖	切特
쵗	切特
쵘	切克
쵙	切特
쵚	切普
쵛	切特
최	切
쵝	切克
쵞	切克
쵟	切克
쵠	切恩
쵡	切恩
쵢	切恩
쵣	切特
쵤	切爾
쵥	切克
쵦	切姆
쵧	切爾
쵨	切爾
쵩	切爾
쵪	切普
쵫	切爾
쵬	切姆
쵭	切普
쵮	切普
쵯	切特
쵰	切特
쵱	切恩
쵲	切特
쵳	切特
쵴	切克
쵵	切特
쵶	切普
쵷	切特
쵸	喬
쵹	喬克
쵺	喬克
쵻	喬克
쵼	春
쵽	春
쵾	春
쵿	喬特
춀	喬爾
춁	喬克
춂	喬姆
춃	喬爾
춄	喬爾
춅	喬爾
춆	喬普
춇	喬爾
춈	喬姆
춉	喬普
춊	喬普
춋	喬特
춌	喬特
춍	春
춎	喬特
춏	喬特
춐	喬克
춑	喬特
춒	喬普
춓	喬特
추	楚
축	楚克
춖	楚克
춗	楚克
춘	春
춙	春
춚	春
춛	楚特
출	楚爾
춝	楚克
춞	楚姆
춟	楚爾
춠	楚爾
춡	楚爾
춢	楚普
춣	楚爾
춤	楚姆
춥	楚普
춦	楚普
춧	楚特
춨	楚特
충	春
춪	楚特
춫	楚特
춬	楚克
춭	楚特
춮	楚普
춯	楚特
춰	徹
춱	徹克
춲	徹克
춳	徹克
춴	琴
춵	琴
춶	琴
춷	徹特
춸	徹爾
춹	徹克
춺	徹姆
춻	徹爾
춼	徹爾
춽	徹爾
춾	徹普
춿	徹爾
췀	徹姆
췁	徹普
췂	徹普
췃	徹特
췄	徹特
췅	琴
췆	徹特
췇	徹特
췈	徹克
췉	徹特
췊	徹普
췋	徹特
췌	切
췍	切克
췎	切克
췏	切克
췐	切恩
췑	切恩
췒	切恩
췓	切特
췔	切爾
췕	切克
췖	切姆
췗	切爾
췘	切爾
췙	切爾
췚	切普
췛	切爾
췜	切姆
췝	切普
췞	切普
췟	切特
췠	切特
췡	切恩
췢	切特
췣	切特
췤	切克
췥	切特
췦	切普
췧	切特
취	奇
췩	奇克
췪	奇克
췫	奇克
췬	欽
췭	欽
췮	欽
췯	奇特
췰	奇爾
췱	奇克
췲	奇姆
췳	奇爾
췴	奇爾
췵	奇爾
췶	奇普
췷	奇爾
췸	奇姆
췹	奇普
췺	奇普
췻	奇特
췼	奇特
췽	青
췾	奇特
췿	奇特
츀	奇克
츁	奇特
츂	奇普
츃	奇特
츄	楚
츅	楚克
츆	楚克
츇	楚克
츈	春
츉	春
츊	春
츋	楚特
츌	楚爾
츍	楚克
츎	楚姆
츏	楚爾
츐	楚爾
츑	楚爾
츒	楚普
츓	楚爾
츔	楚姆
츕	楚普
츖	楚普
츗	楚特
츘	楚特
츙	春
츚	楚特
츛	楚特
츜	楚克
츝	楚特
츞	楚普
츟	楚特
츠	楚
측	楚克
츢	楚克
츣	楚克
츤	春
츥	春
츦	春
츧	楚特
츨	楚爾
츩	楚克
츪	楚姆
츫	楚爾
츬	楚爾
츭	楚爾
츮	楚普
츯	楚爾
츰	楚姆
츱	楚普
츲	楚普
츳	楚特
츴	楚特
층	春
츶	楚特
츷	楚特
츸	楚克
츹	楚特
츺	楚普
츻	楚特
츼	奇
츽	奇克
츾	奇克
츿	奇克
칀	欽
칁	欽
칂	欽
칃	奇特
칄	奇爾
칅	奇克
칆	奇姆
칇	奇爾
칈	奇爾
칉	奇爾
칊	奇普
칋	奇爾
칌	奇姆
칍	奇普
칎	奇普
칏	奇特
칐	奇特
칑	青
칒	奇特
칓	奇特
칔	奇克
칕	奇特
칖	奇普
칗	奇特
치	奇
칙	奇克
칚	奇克
칛	奇克
친	欽
칝	欽
칞	欽
칟	奇特
칠	奇爾
칡	奇克
칢	奇姆
칣	奇爾
칤	奇爾
칥	奇爾
칦	奇普
칧	奇爾
침	奇姆
칩	奇普
칪	奇普
칫	奇特
칬	奇特
칭	青
칮	奇特
칯	奇特
칰	奇克
칱	奇特
칲	奇普
칳	奇特
카	卡
칵	卡克
칶	卡克
칷	卡克
칸	坎
칹	坎
칺	坎
칻	卡特
칼	卡爾
칽	卡克
칾	卡姆
칿	卡爾
캀	卡爾
캁	卡爾
캂	卡普
캃	卡爾
캄	卡姆
캅	卡普
캆	卡普
캇	卡特
캈	卡特
캉	康
캊	卡特
캋	卡特
캌	卡克
캍	卡特
캎	卡普
캏	卡特
캐	凱
캑	凱克
캒	凱克
캓	凱克
캔	凱恩
캕	凱恩
캖	凱恩
캗	凱特
캘	凱爾
캙	凱克
캚	凱姆
캛	凱爾
캜	凱爾
캝	凱爾
캞	凱普
캟	凱爾
캠	凱姆
캡	凱普
캢	凱普
캣	凱特
캤	凱特
캥	凱恩
캦	凱特
캧	凱特
캨	凱克
캩	凱特
캪	凱普
캫	凱特
캬	卡
캭	卡克
캮	卡克
캯	卡克
캰	坎
캱	坎
캲	坎
캳	卡特
캴	卡爾
캵	卡克
캶	卡姆
캷	卡爾
캸	卡爾
캹	卡爾
캺	卡普
캻	卡爾
캼	卡姆
캽	卡普
캾	卡普
캿	卡特
컀	卡特
컁	康
컂	卡特
컃	卡特
컄	卡克
컅	卡特
컆	卡普
컇	卡特
컈	凱
컉	凱克
컊	凱克
컋	凱克
컌	凱恩
컍	凱恩
컎	凱恩
컏	凱特
컐	凱爾
컑	凱克
컒	凱姆
컓	凱爾
컔	凱爾
컕	凱爾
컖	凱普
컗	凱爾
컘	凱姆
컙	凱普
컚	凱普
컛	凱特
컜	凱特
컝	凱恩
컞	凱特
컟	凱特
컠	凱克
컡	凱特
컢	凱普
컣	凱特
커	克
컥	克克
컦	克克
컧	克克
컨	肯
컩	肯
컪	肯
컫	克特
컬	克爾
컭	克克
컮	克姆
컯	克爾
컰	克爾
컱	克爾
컲	克普
컳	克爾
컴	克姆
컵	克普
컶	克普
컷	克特
컸	克特
컹	肯
컺	克特
컻	克特
컼	克克
컽	克特
컾	克普
컿	克特
케	凱
켁	凱克
켂	凱克
켃	凱克
켄	凱恩
켅	凱恩
켆	凱恩
켇	凱特
켈	凱爾
켉	凱克
켊	凱姆
켋	凱爾
켌	凱爾
켍	凱爾
켎	凱普
켏	凱爾
켐	凱姆
켑	凱普
켒	凱普
켓	凱特
켔	凱特
켕	凱恩
켖	凱特
켗	凱特
켘	凱克
켙	凱特
켚	凱普
켛	凱特
켜	克
켝	克克
켞	克克
켟	克克
켠	肯
켡	肯
켢	肯
켣	克特
켤	克爾
켥	克克
켦	克姆
켧	克爾
켨	克爾
켩	克爾
켪	克普
켫	克爾
켬	克姆
켭	克普
켮	克普
켯	克特
켰	克特
켱	肯
켲	克特
켳	克特
켴	克克
켵	克特
켶	克普
켷	克特
켸	凱
켹	凱克
켺	凱克
켻	凱克
켼	凱恩
켽	凱恩
켾	凱恩
켿	凱特
콀	凱爾
콁	凱克
콂	凱姆
콃	凱爾
콄	凱爾
콅	凱爾
콆	凱普
콇	凱爾
콈	凱姆
콉	凱普
콊	凱普
콋	凱特
콌	凱特
콍	凱恩
콎	凱特
콏	凱特
콐	凱克
콑	凱特
콒	凱普
콓	凱特
코	科
콕	科克
콖	科克
콗	科克
콘	昆
콙	昆
콚	昆
콛	科特
콜	科爾
콝	科克
콞	科姆
콟	科爾
콠	科爾
콡	科爾
콢	科普
콣	科爾
콤	科姆
콥	科普
콦	科普
콧	科特
콨	科特
콩	昆
콪	科特
콫	科特
콬	科克
콭	科特
콮	科普
콯	科特
콰	卡
콱	卡克
콲	卡克
콳	卡克
콴	坎
콵	坎
콶	坎
콷	卡特
콸	卡爾
콹	卡克
콺	卡姆
콻	卡爾
콼	卡爾
콽	卡爾
콾	卡普
콿	卡爾
쾀	卡姆
쾁	卡普
쾂	卡普
쾃	卡特
쾄	卡特
쾅	康
쾆	卡特
쾇	卡特
쾈	卡克
쾉	卡特
쾊	卡普
쾋	卡特
쾌	凱
쾍	凱克
쾎	凱克
쾏	凱克
쾐	凱恩
쾑	凱恩
쾒	凱恩
쾓	凱特
쾔	凱爾
쾕	凱克
쾖	凱姆
쾗	凱爾
쾘	凱爾
쾙	凱爾
쾚	凱普
쾛	凱爾
쾜	凱姆
쾝	凱普
쾞	凱普
쾟	凱特
쾠	凱特
쾡	凱恩
쾢	凱特
쾣	凱特
쾤	凱克
쾥	凱特
쾦	凱普
쾧	凱特
쾨	凱
쾩	凱克
쾪	凱克
쾫	凱克
쾬	凱恩
쾭	凱恩
쾮	凱恩
쾯	凱特
쾰	凱爾
쾱	凱克
쾲	凱姆
쾳	凱爾
쾴	凱爾
쾵	凱爾
쾶	凱普
쾷	凱爾
쾸	凱姆
쾹	凱普
쾺	凱普
쾻	凱特
쾼	凱特
쾽	凱恩
쾾	凱特
쾿	凱特
쿀	凱克
쿁	凱特
쿂	凱普
쿃	凱特
쿄	科
쿅	科克
쿆	科克
쿇	科克
쿈	昆
쿉	昆
쿊	昆
쿋	科特
쿌	科爾
쿍	科克
쿎	科姆
쿏	科爾
쿐	科爾
쿑	科爾
쿒	科普
쿓	科爾
쿔	科姆
쿕	科普
쿖	科普
쿗	科特
쿘	科特
쿙	昆
쿚	科特
쿛	科特
쿜	科克
쿝	科特
쿞	科普
쿟	科特
쿠	庫
쿡	庫克
쿢	庫克
쿣	庫克
쿤	昆
쿥	昆
쿦	昆
쿧	庫特
쿨	庫爾
쿩	庫克
쿪	庫姆
쿫	庫爾
쿬	庫爾
쿭	庫爾
쿮	庫普
쿯	庫爾
쿰	庫姆
쿱	庫普
쿲	庫普
쿳	庫特
쿴	庫特
쿵	昆
쿶	庫特
쿷	庫特
쿸	庫克
쿹	庫特
쿺	庫普
쿻	庫特
쿼	克
쿽	克克
쿾	克克
쿿	克克
퀀	肯
퀁	肯
퀂	肯
퀃	克特
퀄	克爾
퀅	克克
퀆	克姆
퀇	克爾
퀈	克爾
퀉	克爾
퀊	克普
퀋	克爾
퀌	克姆
퀍	克普
퀎	克普
퀏	克特
퀐	克特
퀑	肯
퀒	克特
퀓	克特
퀔	克克
퀕	克特
퀖	克普
퀗	克特
퀘	凱
퀙	凱克
퀚	凱克
퀛	凱克
퀜	凱恩
퀝	凱恩
퀞	凱恩
퀟	凱特
퀠	凱爾
퀡	凱克
퀢	凱姆
퀣	凱爾
퀤	凱爾
퀥	凱爾
퀦	凱普
퀧	凱爾
퀨	凱姆
퀩	凱普
퀪	凱普
퀫	凱特
퀬	凱特
퀭	凱恩
퀮	凱特
퀯	凱特
퀰	凱克
퀱	凱特
퀲	凱普
퀳	凱特
퀴	基
퀵	基克
퀶	基克
퀷	基克
퀸	金
퀹	金
퀺	金
퀻	基特
퀼	基爾
퀽	基克
퀾	基姆
퀿	基爾
큀	基爾
큁	基爾
큂	基普
큃	基爾
큄	基姆
큅	基普
큆	基普
큇	基特
큈	基特
큉	金
큊	基特
큋	基特
큌	基克
큍	基特
큎	基普
큏	基特
큐	庫
큑	庫克
큒	庫克
큓	庫克
큔	昆
큕	昆
큖	昆
큗	庫特
큘	庫爾
큙	庫克
큚	庫姆
큛	庫爾
큜	庫爾
큝	庫爾
큞	庫普
큟	庫爾
큠	庫姆
큡	庫普
큢	庫普
큣	庫特
큤	庫特
큥	昆
큦	庫特
큧	庫特
큨	庫克
큩	庫特
큪	庫普
큫	庫特
크	庫
큭	庫克
큮	庫克
큯	庫克
큰	昆
큱	昆
큲	昆
큳	庫特
클	庫爾
큵	庫克
큶	庫姆
큷	庫爾
큸	庫爾
큹	庫爾
큺	庫普
큻	庫爾
큼	庫姆
큽	庫普
큾	庫普
큿	庫特
킀	庫特
킁	昆
킂	庫特
킃	庫特
킄	庫克
킅	庫特
킆	庫普
킇	庫特
킈	基
킉	基克
킊	基克
킋	基克
킌	金
킍	金
킎	金
킏	基特
킐	基爾
킑	基克
킒	基姆
킓	基爾
킔	基爾
킕	基爾
킖	基普
킗	基爾
킘	基姆
킙	基普
킚	基普
킛	基特
킜	基特
킝	金
킞	基特
킟	基特
킠	基克
킡	基特
킢	基普
킣	基特
키	基
킥	基克
킦	基克
킧	基克
킨	金
킩	金
킪	金
킫	基特
킬	基爾
킭	基克
킮	基姆
킯	基爾
킰	基爾
킱	基爾
킲	基普
킳	基爾
킴	基姆
킵	基普
킶	基普
킷	基特
킸	基特
킹	金
킺	基特
킻	基特
킼	基克
킽	基特
킾	基普
킿	基特
타	塔
탁	塔克
탂	塔克
탃	塔克
탄	坦
탅	坦
탆	坦
탇	塔特
탈	塔爾
탉	塔克
탊	塔姆
탋	塔爾
탌	塔爾
탍	塔爾
탎	塔普
탏	塔爾
탐	塔姆
탑	塔普
탒	塔普
탓	塔特
탔	塔特
탕	唐
탖	塔特
탗	塔特
탘	塔克
탙	塔特
탚	塔普
탛	塔特
태	泰
택	泰克
탞	泰克
탟	泰克
탠	泰恩
탡	泰恩
탢	泰恩
탣	泰特
탤	泰爾
탥	泰克
탦	泰姆
탧	泰爾
탨	泰爾
탩	泰爾
탪	泰普
탫	泰爾
탬	泰姆
탭	泰普
탮	泰普
탯	泰特
탰	泰特
탱	泰恩
탲	泰特
탳	泰特
탴	泰克
탵	泰特
탶	泰普
탷	泰特
탸	塔
탹	塔克
탺	塔克
탻	塔克
탼	坦
탽	坦
탾	坦
탿	塔特
턀	塔爾
턁	塔克
턂	塔姆
턃	塔爾
턄	塔爾
턅	塔爾
턆	塔普
턇	塔爾
턈	塔姆
턉	塔普
턊	塔普
턋	塔特
턌	塔特
턍	唐
턎	塔特
턏	塔特
턐	塔克
턑	塔特
턒	塔普
턓	塔特
턔	泰
턕	泰克
턖	泰克
턗	泰克
턘	泰恩
턙	泰恩
턚	泰恩
턛	泰特
턜	泰爾
턝	泰克
턞	泰姆
턟	泰爾
턠	泰爾
턡	泰爾
턢	泰普
턣	泰爾
턤	泰姆
턥	泰普
턦	泰普
턧	泰特
턨	泰特
턩	泰恩
턪	泰特
턫	泰特
턬	泰克
턭	泰特
턮	泰普
턯	泰特
터	特
턱	特克
턲	特克
턳	特克
턴	滕
턵	滕
턶	滕
턷	特特
털	特爾
턹	特克
턺	特姆
턻	特爾
턼	特爾
턽	特爾
턾	特普
턿	特爾
텀	特姆
텁	特普
텂	特普
텃	特特
텄	特特
텅	滕
텆	特特
텇	特特
텈	特克
텉	特特
텊	特普
텋	特特
테	泰
텍	泰克
텎	泰克
텏	泰克
텐	泰恩
텑	泰恩
텒	泰恩
텓	泰特
텔	泰爾
텕	泰克
텖	泰姆
텗	泰爾
텘	泰爾
텙	泰爾
텚	泰普
텛	泰爾
템	泰姆
텝	泰普
텞	泰普
텟	泰特
텠	泰特
텡	泰恩
텢	泰特
텣	泰特
텤	泰克
텥	泰特
텦	泰普
텧	泰特
텨	特
텩	特克
텪	特克
텫	特克
텬	滕
텭	滕
텮	滕
텯	特特
텰	特爾
텱	特克
텲	特姆
텳	特爾
텴	特爾
텵	特爾
텶	特普
텷	特爾
텸	特姆
텹	特普
텺	特普
텻	特特
텼	特特
텽	滕
텾	特特
텿	特特
톀	特克
톁	特特
톂	特普
톃	特特
톄	泰
톅	泰克
톆	泰克
톇	泰克
톈	泰恩
톉	泰恩
톊	泰恩
톋	泰特
톌	泰爾
톍	泰克
톎	泰姆
톏	泰爾
톐	泰爾
톑	泰爾
톒	泰普
톓	泰爾
톔	泰姆
톕	泰普
톖	泰普
톗	泰特
톘	泰特
톙	泰恩
톚	泰特
톛	泰特
톜	泰克
톝	泰特
톞	泰普
톟	泰特
토	託
톡	託克
톢	託克
톣	託克
톤	通
톥	通
톦	通
톧	託特
톨	託爾
톩	託克
톪	託姆
톫	託爾
톬	託爾
톭	託爾
톮	託普
톯	託爾
톰	託姆
톱	託普
톲	託普
톳	託特
톴	託特
통	通
톶	託特
톷	託特
톸	託克
톹	託特
톺	託普
톻	託特
톼	塔
톽	塔克
톾	塔克
톿	塔克
퇀	坦
퇁	坦
퇂	坦
퇃	塔特
퇄	塔爾
퇅	塔克
퇆	塔姆
퇇	塔爾
퇈	塔爾
퇉	塔爾
퇊	塔普
퇋	塔爾
퇌	塔姆
퇍	塔普
퇎	塔普
퇏	塔特
퇐	塔特
퇑	唐
퇒	塔特
퇓	塔特
퇔	塔克
퇕	塔特
퇖	塔普
퇗	塔特
퇘	泰
퇙	泰克
퇚	泰克
퇛	泰克
퇜	泰恩
퇝	泰恩
퇞	泰恩
퇟	泰特
퇠	泰爾
퇡	泰克
퇢	泰姆
퇣	泰爾
퇤	泰爾
퇥	泰爾
퇦	泰普
퇧	泰爾
퇨	泰姆
퇩	泰普
퇪	泰普
퇫	泰特
퇬	泰特
퇭	泰恩
퇮	泰特
퇯	泰特
퇰	泰克
퇱	泰特
퇲	泰普
퇳	泰特
퇴	泰
퇵	泰克
퇶	泰克
퇷	泰克
퇸	泰恩
퇹	泰恩
퇺	泰恩
퇻	泰特
퇼	泰爾
퇽	泰克
퇾	泰姆
퇿	泰爾
툀	泰爾
툁	泰爾
툂	泰普
툃	泰爾
툄	泰姆
툅	泰普
툆	泰普
툇	泰特
툈	泰特
툉	泰恩
툊	泰特
툋	泰特
툌	泰克
툍	泰特
툎	泰普
툏	泰特
툐	託
툑	託克
툒	託克
툓	託克
툔	通
툕	通
툖	通
툗	託特
툘	託爾
툙	託克
툚	託姆
툛	託爾
툜	託爾
툝	託爾
툞	託普
툟	託爾
툠	託姆
툡	託普
툢	託普
툣	託特
툤	託特
툥	通
툦	託特
툧	託特
툨	託克
툩	託特
툪	託普
툫	託特
투	圖
툭	圖克
툮	圖克
툯	圖克
툰	通
툱	通
툲	通
툳	圖特
툴	圖爾
툵	圖克
툶	圖姆
툷	圖爾
툸	圖爾
툹	圖爾
툺	圖普
툻	圖爾
툼	圖姆
툽	圖普
툾	圖普
툿	圖特
퉀	圖特
퉁	通
퉂	圖特
퉃	圖特
퉄	圖克
퉅	圖特
퉆	圖普
퉇	圖特
퉈	特
퉉	特克
퉊	特克
퉋	特克
퉌	滕
퉍	滕
퉎	滕
퉏	特特
퉐	特爾
퉑	特克
퉒	特姆
퉓	特爾
퉔	特爾
퉕	特爾
퉖	特普
퉗	特爾
퉘	特姆
퉙	特普
퉚	特普
퉛	特特
퉜	特特
퉝	滕
퉞	特特
퉟	特特
퉠	特克
퉡	特特
퉢	特普
퉣	特特
퉤	泰
퉥	泰克
퉦	泰克
퉧	泰克
퉨	泰恩
퉩	泰恩
퉪	泰恩
퉫	泰特
퉬	泰爾
퉭	泰克
퉮	泰姆
퉯	泰爾
퉰	泰爾
퉱	泰爾
퉲	泰普
퉳	泰爾
퉴	泰姆
퉵	泰普
퉶	泰普
퉷	泰特
퉸	泰特
퉹	泰恩
퉺	泰特
퉻	泰特
퉼	泰克
퉽	泰特
퉾	泰普
퉿	泰特
튀	蒂
튁	蒂克
튂	蒂克
튃	蒂克
튄	廷
튅	廷
튆	廷
튇	蒂特
튈	蒂爾
튉	蒂克
튊	蒂姆
튋	蒂爾
튌	蒂爾
튍	蒂爾
튎	蒂普
튏	蒂爾
튐	蒂姆
튑	蒂普
튒	蒂普
튓	蒂特
튔	蒂特
튕	廷
튖	蒂特
튗	蒂特
튘	蒂克
튙	蒂特
튚	蒂普
튛	蒂特
튜	圖
튝	圖克
튞	圖克
튟	圖克
튠	通
튡	通
튢	通
튣	圖特
튤	圖爾
튥	圖克
튦	圖姆
튧	圖爾
튨	圖爾
튩	圖爾
튪	圖普
튫	圖爾
튬	圖姆
튭	圖普
튮	圖普
튯	圖特
튰	圖特
튱	通
튲	圖特
튳	圖特
튴	圖克
튵	圖特
튶	圖普
튷	圖特
트	圖
특	圖克
튺	圖克
튻	圖克
튼	通
튽	通
튾	通
튿	圖特
틀	圖爾
틁	圖克
틂	圖姆
틃	圖爾
틄	圖爾
틅	圖爾
틆	圖普
틇	圖爾
틈	圖姆
틉	圖普
틊	圖普
틋	圖特
틌	圖特
틍	通
틎	圖特
틏	圖特
틐	圖克
틑	圖特
틒	圖普
틓	圖特
틔	蒂
틕	蒂克
틖	蒂克
틗	蒂克
틘	廷
틙	廷
틚	廷
틛	蒂特
틜	蒂爾
틝	蒂克
틞	蒂姆
틟	蒂爾
틠	蒂爾
틡	蒂爾
틢	蒂普
틣	蒂爾
틤	蒂姆
틥	蒂普
틦	蒂普
틧	蒂特
틨	蒂特
틩	廷
틪	蒂特
틫	蒂特
틬	蒂克
틭	蒂特
틮	蒂普
틯	蒂特
티	蒂
틱	蒂克
틲	蒂克
틳	蒂克
틴	廷
틵	廷
틶	廷
틷	蒂特
틸	蒂爾
틹	蒂克
틺	蒂姆
틻	蒂爾
틼	蒂爾
틽	蒂爾
틾	蒂普
틿	蒂爾
팀	蒂姆
팁	蒂普
팂	蒂普
팃	蒂特
팄	蒂特
팅	廷
팆	蒂特
팇	蒂特
팈	蒂克
팉	蒂特
팊	蒂普
팋	蒂特
파	帕
팍	帕克
팎	帕克
팏	帕克
판	潘
팑	潘
팒	潘
팓	帕特
팔	帕爾
팕	帕克
팖	帕姆
팗	帕爾
팘	帕爾
팙	帕爾
팚	帕普
팛	帕爾
팜	帕姆
팝	帕普
팞	帕普
팟	帕特
팠	帕特
팡	龐
팢	帕特
팣	帕特
팤	帕克
팥	帕特
팦	帕普
팧	帕特
패	佩
팩	佩克
팪	佩克
팫	佩克
팬	佩恩
팭	佩恩
팮	佩恩
팯	佩特
팰	佩爾
팱	佩克
팲	佩姆
팳	佩爾
팴	佩爾
팵	佩爾
팶	佩普
팷	佩爾
팸	佩姆
팹	佩普
팺	佩普
팻	佩特
팼	佩特
팽	佩恩
팾	佩特
팿	佩特
퍀	佩克
퍁	佩特
퍂	佩普
퍃	佩特
퍄	帕
퍅	帕克
퍆	帕克
퍇	帕克
퍈	潘
퍉	潘
퍊	潘
퍋	帕特
퍌	帕爾
퍍	帕克
퍎	帕姆
퍏	帕爾
퍐	帕爾
퍑	帕爾
퍒	帕普
퍓	帕爾
퍔	帕姆
퍕	帕普
퍖	帕普
퍗	帕特
퍘	帕特
퍙	龐
퍚	帕特
퍛	帕特
퍜	帕克
퍝	帕特
퍞	帕普
퍟	帕特
퍠	佩
퍡	佩克
퍢	佩克
퍣	佩克
퍤	佩恩
퍥	佩恩
퍦	佩恩
퍧	佩特
퍨	佩爾
퍩	佩克
퍪	佩姆
퍫	佩爾
퍬	佩爾
퍭	佩爾
퍮	佩普
퍯	佩爾
퍰	佩姆
퍱	佩普
퍲	佩普
퍳	佩特
퍴	佩特
퍵	佩恩
퍶	佩特
퍷	佩特
퍸	佩克
퍹	佩特
퍺	佩普
퍻	佩特
퍼	珀
퍽	珀克
퍾	珀克
퍿	珀克
펀	彭
펁	彭
펂	彭
펃	珀特
펄	珀爾
펅	珀克
펆	珀姆
펇	珀爾
펈	珀爾
펉	珀爾
펊	珀普
펋	珀爾
펌	珀姆
펍	珀普
펎	珀普
펏	珀特
펐	珀特
펑	彭
펒	珀特
펓	珀特
펔	珀克
펕	珀特
펖	珀普
펗	珀特
페	佩
펙	佩克
펚	佩克
펛	佩克
펜	佩恩
펝	佩恩
펞	佩恩
펟	佩特
펠	佩爾
펡	佩克
펢	佩姆
펣	佩爾
펤	佩爾
펥	佩爾
펦	佩普
펧	佩爾
펨	佩姆
펩	佩普
펪	佩普
펫	佩特
펬	佩特
펭	佩恩
펮	佩特
펯	佩特
펰	佩克
펱	佩特
펲	佩普
펳	佩特
펴	珀
펵	珀克
펶	珀克
펷	珀克
편	彭
펹	彭
펺	彭
펻	珀特
펼	珀爾
펽	珀克
펾	珀姆
펿	珀爾
폀	珀爾
폁	珀爾
폂	珀普
폃	珀爾
폄	珀姆
폅	珀普
폆	珀普
폇	珀特
폈	珀特
평	彭
폊	珀特
폋	珀特
폌	珀克
폍	珀特
폎	珀普
폏	珀特
폐	佩
폑	佩克
폒	佩克
폓	佩克
폔	佩恩
폕	佩恩
폖	佩恩
폗	佩特
폘	佩爾
폙	佩克
폚	佩姆
폛	佩爾
폜	佩爾
폝	佩爾
폞	佩普
폟	佩爾
폠	佩姆
폡	佩普
폢	佩普
폣	佩特
폤	佩特
폥	佩恩
폦	佩特
폧	佩特
폨	佩克
폩	佩特
폪	佩普
폫	佩特
포	波
폭	波克
폮	波克
폯	波克
폰	蓬
폱	蓬
폲	蓬
폳	波特
폴	波爾
폵	波克
폶	波姆
폷	波爾
폸	波爾
폹	波爾
폺	波普
폻	波爾
폼	波姆
폽	波普
폾	波普
폿	波特
퐀	波特
퐁	蓬
퐂	波特
퐃	波特
퐄	波克
퐅	波特
퐆	波普
퐇	波特
퐈	帕
퐉	帕克
퐊	帕克
퐋	帕克
퐌	潘
퐍	潘
퐎	潘
퐏	帕特
퐐	帕爾
퐑	帕克
퐒	帕姆
퐓	帕爾
퐔	帕爾
퐕	帕爾
퐖	帕普
퐗	帕爾
퐘	帕姆
퐙	帕普
퐚	帕普
퐛	帕特
퐜	帕特
퐝	龐
퐞	帕特
퐟	帕特
퐠	帕克
퐡	帕特
퐢	帕普
퐣	帕特
퐤	佩
퐥	佩克
퐦	佩克
퐧	佩克
퐨	佩恩
퐩	佩恩
퐪	佩恩
퐫	佩特
퐬	佩爾
퐭	佩克
퐮	佩姆
퐯	佩爾
퐰	佩爾
퐱	佩爾
퐲	佩普
퐳	佩爾
퐴	佩姆
퐵	佩普
퐶	佩普
퐷	佩特
퐸	佩特
퐹	佩恩
퐺	佩特
퐻	佩特
퐼	佩克
퐽	佩特
퐾	佩普
퐿	佩特
푀	佩
푁	佩克
푂	佩克
푃	佩克
푄	佩恩
푅	佩恩
푆	佩恩
푇	佩特
푈	佩爾
푉	佩克
푊	佩姆
푋	佩爾
푌	佩爾
푍	佩爾
푎	佩普
푏	佩爾
푐	佩姆
푑	佩普
푒	佩普
푓	佩特
푔	佩特
푕	佩恩
푖	佩特
푗	佩特
푘	佩克
푙	佩特
푚	佩普
푛	佩特
표	波
푝	波克
푞	波克
푟	波克
푠	蓬
푡	蓬
푢	蓬
푣	波特
푤	波爾
푥	波克
푦	波姆
푧	波爾
푨	波爾
푩	波爾
푪	波普
푫	波爾
푬	波姆
푭	波普
푮	波普
푯	波特
푰	波特
푱	蓬
푲	波特
푳	波特
푴	波克
푵	波特
푶	波普
푷	波特
푸	普
푹	普克
푺	普克
푻	普克
푼	蓬
푽	蓬
푾	蓬
푿	普特
풀	普爾
풁	普克
풂	普姆
풃	普爾
풄	普爾
풅	普爾
풆	普普
풇	普爾
품	普姆
풉	普普
풊	普普
풋	普特
풌	普特
풍	蓬
풎	普特
풏	普特
풐	普克
풑	普特
풒	普普
풓	普特
풔	珀
풕	珀克
풖	珀克
풗	珀克
풘	彭
풙	彭
풚	彭
풛	珀特
풜	珀爾
풝	珀克
풞	珀姆
풟	珀爾
풠	珀爾
풡	珀爾
풢	珀普
풣	珀爾
풤	珀姆
풥	珀普
풦	珀普
풧	珀特
풨	珀特
풩	彭
풪	珀特
풫	珀特
풬	珀克
풭	珀特
풮	珀普
풯	珀特
풰	佩
풱	佩克
풲	佩克
풳	佩克
풴	佩恩
풵	佩恩
풶	佩恩
풷	佩特
풸	佩爾
풹	佩克
풺	佩姆
풻	佩爾
풼	佩爾
풽	佩爾
풾	佩普
풿	佩爾
퓀	佩姆
퓁	佩普
퓂	佩普
퓃	佩特
퓄	佩特
퓅	佩恩
퓆	佩特
퓇	佩特
퓈	佩克
퓉	佩特
퓊	佩普
퓋	佩特
퓌	皮
퓍	皮克
퓎	皮克
퓏	皮克
퓐	平
퓑	平
퓒	平
퓓	皮特
퓔	皮爾
퓕	皮克
퓖	皮姆
퓗	皮爾
퓘	皮爾
퓙	皮爾
퓚	皮普
퓛	皮爾
퓜	皮姆
퓝	皮普
퓞	皮普
퓟	皮特
퓠	皮特
퓡	平
퓢	皮特
퓣	皮特
퓤	皮克
퓥	皮特
퓦	皮普
퓧	皮特
퓨	普
퓩	普克
퓪	普克
퓫	普克
퓬	蓬
퓭	蓬
퓮	蓬
퓯	普特
퓰	普爾
퓱	普克
퓲	普姆
퓳	普爾
퓴	普爾
퓵	普爾
퓶	普普
퓷	普爾
퓸	普姆
퓹	普普
퓺	普普
퓻	普特
퓼	普特
퓽	蓬
퓾	普特
퓿	普特
픀	普克
픁	普特
픂	普普
픃	普特
프	普
픅	普克
픆	普克
픇	普克
픈	蓬
픉	蓬
픊	蓬
픋	普特
플	普爾
픍	普克
픎	普姆
픏	普爾
픐	普爾
픑	普爾
픒	普普
픓	普爾
픔	普姆
픕	普普
픖	普普
픗	普特
픘	普特
픙	蓬
픚	普特
픛	普特
픜	普克
픝	普特
픞	普普
픟	普特
픠	皮
픡	皮克
픢	皮克
픣	皮克
픤	平
픥	平
픦	平
픧	皮特
픨	皮爾
픩	皮克
픪	皮姆
픫	皮爾
픬	皮爾
픭	皮爾
픮	皮普
픯	皮爾
픰	皮姆
픱	皮普
픲	皮普
픳	皮特
픴	皮特
픵	平
픶	皮特
픷	皮特
픸	皮克
픹	皮特
픺	皮普
픻	皮特
피	皮
픽	皮克
픾	皮克
픿	皮克
핀	平
핁	平
핂	平
핃	皮特
필	皮爾
핅	皮克
핆	皮姆
핇	皮爾
핈	皮爾
핉	皮爾
핊	皮普
핋	皮爾
핌	皮姆
핍	皮普
핎	皮普
핏	皮特
핐	皮特
핑	平
핒	皮特
핓	皮特
핔	皮克
핕	皮特
핖	皮普
핗	皮特
하	哈
학	哈克
핚	哈克
핛	哈克
한	漢
핝	漢
핞	漢
핟	哈特
할	哈爾
핡	哈克
핢	哈姆
핣	哈爾
핤	哈爾
핥	哈爾
핦	哈普
핧	哈爾
함	哈姆
합	哈普
핪	哈普
핫	哈特
핬	哈特
항	杭
핮	哈特
핯	哈特
핰	哈克
핱	哈特
핲	哈普
핳	哈特
해	黑
핵	黑克
핶	黑克
핷	黑克
핸	黑恩
핹	黑恩
핺	黑恩
핻	黑特
핼	黑爾
핽	黑克
핾	黑姆
핿	黑爾
햀	黑爾
햁	黑爾
햂	黑普
햃	黑爾
햄	黑姆
햅	黑普
햆	黑普
햇	黑特
했	黑特
행	黑恩
햊	黑特
햋	黑特
햌	黑克
햍	黑特
햎	黑普
햏	黑特
햐	哈
햑	哈克
햒	哈克
햓	哈克
햔	漢
햕	漢
햖	漢
햗	哈特
햘	哈爾
햙	哈克
햚	哈姆
햛	哈爾
햜	哈爾
햝	哈爾
햞	哈普
햟	哈爾
햠	哈姆
햡	哈普
햢	哈普
햣	哈特
햤	哈特
향	杭
햦	哈特
햧	哈特
햨	哈克
햩	哈特
햪	哈普
햫	哈特
햬	黑
햭	黑克
햮	黑克
햯	黑克
햰	黑恩
햱	黑恩
햲	黑恩
햳	黑特
햴	黑爾
햵	黑克
햶	黑姆
햷	黑爾
햸	黑爾
햹	黑爾
햺	黑普
햻	黑爾
햼	黑姆
햽	黑普
햾	黑普
햿	黑特
헀	黑特
헁	黑恩
헂	黑特
헃	黑特
헄	黑克
헅	黑特
헆	黑普
헇	黑特
허	赫
헉	赫克
헊	赫克
헋	赫克
헌	亨
헍	亨
헎	亨
헏	赫特
헐	赫爾
헑	赫克
헒	赫姆
헓	赫爾
헔	赫爾
헕	赫爾
헖	赫普
헗	赫爾
험	赫姆
헙	赫普
헚	赫普
헛	赫特
헜	赫特
헝	亨
헞	赫特
헟	赫特
헠	赫克
헡	赫特
헢	赫普
헣	赫特
헤	黑
헥	黑克
헦	黑克
헧	黑克
헨	黑恩
헩	黑恩
헪	黑恩
헫	黑特
헬	黑爾
헭	黑克
헮	黑姆
헯	黑爾
헰	黑爾
헱	黑爾
헲	黑普
헳	黑爾
헴	黑姆
헵	黑普
헶	黑普
헷	黑特
헸	黑特
헹	黑恩
헺	黑特
헻	黑特
헼	黑克
헽	黑特
헾	黑普
헿	黑特
혀	赫
혁	赫克
혂	赫克
혃	赫克
현	亨
혅	亨
혆	亨
혇	赫特
혈	赫爾
혉	赫克
혊	赫姆
혋	赫爾
혌	赫爾
혍	赫爾
혎	赫普
혏	赫爾
혐	赫姆
협	赫普
혒	赫普
혓	赫特
혔	赫特
형	亨
혖	赫特
혗	赫特
혘	赫克
혙	赫特
혚	赫普
혛	赫特
혜	黑
혝	黑克
혞	黑克
혟	黑克
혠	黑恩
혡	黑恩
혢	黑恩
혣	黑特
혤	黑爾
혥	黑克
혦	黑姆
혧	黑爾
혨	黑爾
혩	黑爾
혪	黑普
혫	黑爾
혬	黑姆
혭	黑普
혮	黑普
혯	黑特
혰	黑特
혱	黑恩
혲	黑特
혳	黑特
혴	黑克
혵	黑特
혶	黑普
혷	黑特
호	霍
혹	霍克
혺	霍克
혻	霍克
혼	洪
혽	洪
혾	洪
혿	霍特
홀	霍爾
홁	霍克
홂	霍姆
홃	霍爾
홄	霍爾
홅	霍爾
홆	霍普
홇	霍爾
홈	霍姆
홉	霍普
홊	霍普
홋	霍特
홌	霍特
홍	洪
홎	霍特
홏	霍特
홐	霍克
홑	霍特
홒	霍普
홓	霍特
화	哈
확	哈克
홖	哈克
홗	哈克
환	漢
홙	漢
홚	漢
홛	哈特
활	哈爾
홝	哈克
홞	哈姆
홟	哈爾
홠	哈爾
홡	哈爾
홢	哈普
홣	哈爾
홤	哈姆
홥	哈普
홦	哈普
홧	哈特
홨	哈特
황	杭
홪	哈特
홫	哈特
홬	哈克
홭	哈特
홮	哈普
홯	哈特
홰	黑
홱	黑克
홲	黑克
홳	黑克
홴	黑恩
홵	黑恩
홶	黑恩
홷	黑特
홸	黑爾
홹	黑克
홺	黑姆
홻	黑爾
홼	黑爾
홽	黑爾
홾	黑普
홿	黑爾
횀	黑姆
횁	黑普
횂	黑普
횃	黑特
횄	黑特
횅	黑恩
횆	黑特
횇	黑特
횈	黑克
횉	黑特
횊	黑普
횋	黑特
회	黑
획	黑克
횎	黑克
횏	黑克
횐	黑恩
횑	黑恩
횒	黑恩
횓	黑特
횔	黑爾
횕	黑克
횖	黑姆
횗	黑爾
횘	黑爾
횙	黑爾
횚	黑普
횛	黑爾
횜	黑姆
횝	黑普
횞	黑普
횟	黑特
횠	黑特
횡	黑恩
횢	黑特
횣	黑特
횤	黑克
횥	黑特
횦	黑普
횧	黑特
효	霍
횩	霍克
횪	霍克
횫	霍克
횬	洪
횭	洪
횮	洪
횯	霍特
횰	霍爾
횱	霍克
횲	霍姆
횳	霍爾
횴	霍爾
횵	霍爾
횶	霍普
횷	霍爾
횸	霍姆
횹	霍普
횺	霍普
횻	霍特
횼	霍特
횽	洪
횾	霍特
횿	霍特
훀	霍克
훁	霍特
훂	霍普
훃	霍特
후	胡
훅	胡克
훆	胡克
훇	胡克
훈	洪
훉	洪
훊	洪
훋	胡特
훌	胡爾
훍	胡克
훎	胡姆
훏	胡爾
훐	胡爾
훑	胡爾
훒	胡普
훓	胡爾
훔	胡姆
훕	胡普
훖	胡普
훗	胡特
훘	胡特
훙	洪
훚	胡特
훛	胡特
훜	胡克
훝	胡特
훞	胡普
훟	胡特
훠	赫
훡	赫克
훢	赫克
훣	赫克
훤	亨
훥	亨
훦	亨
훧	赫特
훨	赫爾
훩	赫克
훪	赫姆
훫	赫爾
훬	赫爾
훭	赫爾
훮	赫普
훯	赫爾
훰	赫姆
훱	赫普
훲	赫普
훳	赫特
훴	赫特
훵	亨
훶	赫特
훷	赫特
훸	赫克
훹	赫特
훺	赫普
훻	赫特
훼	黑
훽	黑克
훾	黑克
훿	黑克
휀	黑恩
휁	黑恩
휂	黑恩
휃	黑特
휄	黑爾
휅	黑克
휆	黑姆
휇	黑爾
휈	黑爾
휉	黑爾
휊	黑普
휋	黑爾
휌	黑姆
휍	黑普
휎	黑普
휏	黑特
휐	黑特
휑	黑恩
휒	黑特
휓	黑特
휔	黑克
휕	黑特
휖	黑普
휗	黑特
휘	希
휙	希克
휚	希克
휛	希克
휜	欣
휝	欣
휞	欣
휟	希特
휠	希爾
휡	希克
휢	希姆
휣	希爾
휤	希爾
휥	希爾
휦	希普
휧	希爾
휨	希姆
휩	希普
휪	希普
휫	希特
휬	希特
휭	興
휮	希特
휯	希特
휰	希克
휱	希特
휲	希普
휳	希特
휴	胡
휵	胡克
휶	胡克
휷	胡克
휸	洪
휹	洪
휺	洪
휻	胡特
휼	胡爾
휽	胡克
휾	胡姆
휿	胡爾
흀	胡爾
흁	胡爾
흂	胡普
흃	胡爾
흄	胡姆
흅	胡普
흆	胡普
흇	胡特
흈	胡特
흉	洪
흊	胡特
흋	胡特
흌	胡克
흍	胡特
흎	胡普
흏	胡特
흐	胡
흑	胡克
흒	胡克
흓	胡克
흔	洪
흕	洪
흖	洪
흗	胡特
흘	胡爾
흙	胡克
흚	胡姆
흛	胡爾
흜	胡爾
흝	胡爾
흞	胡普
흟	胡爾
흠	胡姆
흡	胡普
흢	胡普
흣	胡特
흤	胡特
흥	洪
흦	胡特
흧	胡特
흨	胡克
흩	胡特
흪	胡普
흫	胡特
희	希
흭	希克
흮	希克
흯	希克
흰	欣
흱	欣
흲	欣
흳	希特
흴	希爾
흵	希克
흶	希姆
흷	希爾
흸	希爾
흹	希爾
흺	希普
흻	希爾
흼	希姆
흽	希普
흾	希普
흿	希特
힀	希特
힁	興
힂	希特
힃	希特
힄	希克
힅	希特
힆	希普
힇	希特
히	希
힉	希克
힊	希克
힋	希克
힌	欣
힍	欣
힎	欣
힏	希特
힐	希爾
힑	希克
힒	希姆
힓	希爾
힔	希爾
힕	希爾
힖	希普
힗	希爾
힘	希姆
힙	希普
힚	希普
힛	希特
힜	希特
힝	興
힞	希特
힟	希特
힠	希克
힡	希特
힢	希普
힣	希特
